User_ID,IP_Address,No_of_Users_Per_IP_Address,Device_Signature,No_of_Users_Per_Device_Signature,Time_Spent_for_Registration,Time_Difference_Between_Clicks,Geo_Location_US_Score,Fraud_Flag_IP_Address,Fraud_Flag_Device_Signature,Fraud_Flag_Time_Spent_Registration,Fraud_Flag_Click_Frequencies,Fraud_Flag_Geolocation,Fraud_Flag_Overall,Fraud_Flag_Severity,Event_Label,Prospective_Risk
1,111.111.1.1,20,abcd1,1,997,37,1,1,0,0,0,1,1,2,Potentially_Illegitimate_Event,High Risk
2,111.111.1.1,20,abcd2,1,623,58,0,1,0,0,0,0,1,1,Potentially_Illegitimate_Event,Moderate Risk
3,111.111.1.1,20,abcd3,1,459,44,0,1,0,0,0,0,1,1,Potentially_Illegitimate_Event,Moderate Risk
4,111.111.1.1,20,abcd4,1,602,83,0,1,0,0,0,0,1,1,Potentially_Illegitimate_Event,Moderate Risk
5,111.111.1.1,20,abcd5,1,552,72,1,1,0,0,0,1,1,2,Potentially_Illegitimate_Event,High Risk
6,111.111.1.1,20,abcd6,1,986,13,1,1,0,0,0,1,1,2,Potentially_Illegitimate_Event,High Risk
7,111.111.1.1,20,abcd7,1,825,96,0,1,0,0,0,0,1,1,Potentially_Illegitimate_Event,Moderate Risk
8,111.111.1.1,20,abcd8,1,61,24,1,1,0,0,0,1,1,2,Potentially_Illegitimate_Event,High Risk
9,111.111.1.1,20,abcd9,1,719,40,0,1,0,0,0,0,1,1,Potentially_Illegitimate_Event,Moderate Risk
10,111.111.1.1,20,abcd10,1,609,63,1,1,0,0,0,1,1,2,Potentially_Illegitimate_Event,High Risk
11,111.111.1.1,20,abcd11,1,348,20,0,1,0,0,0,0,1,1,Potentially_Illegitimate_Event,Moderate Risk
12,111.111.1.1,20,abcd12,1,720,3,1,1,0,0,0,1,1,2,Potentially_Illegitimate_Event,High Risk
13,111.111.1.1,20,abcd13,1,655,58,0,1,0,0,0,0,1,1,Potentially_Illegitimate_Event,Moderate Risk
14,111.111.1.1,20,abcd14,1,422,87,0,1,0,0,0,0,1,1,Potentially_Illegitimate_Event,Moderate Risk
15,111.111.1.1,20,abcd15,1,897,51,0,1,0,0,0,0,1,1,Potentially_Illegitimate_Event,Moderate Risk
16,111.111.1.1,20,abcd16,1,405,43,0,1,0,0,0,0,1,1,Potentially_Illegitimate_Event,Moderate Risk
17,111.111.1.1,20,abcd17,1,95,66,0,1,0,0,0,0,1,1,Potentially_Illegitimate_Event,Moderate Risk
18,111.111.1.1,20,abcd18,1,328,94,1,1,0,0,0,1,1,2,Potentially_Illegitimate_Event,High Risk
19,111.111.1.1,20,abcd19,1,699,7,1,1,0,0,0,1,1,2,Potentially_Illegitimate_Event,High Risk
20,111.111.1.1,20,abcd20,1,810,94,1,1,0,0,0,1,1,2,Potentially_Illegitimate_Event,High Risk
21,111.111.1.1,1,abcd21,1,836,66,0,0,0,0,0,0,0,0,Legitimate_Event,Negligible Risk
22,111.111.1.1,1,abcd21,20,653,96,1,0,1,0,0,1,1,2,Potentially_Illegitimate_Event,High Risk
23,111.111.1.1,1,abcd21,20,880,97,1,0,1,0,0,1,1,2,Potentially_Illegitimate_Event,High Risk
24,111.111.1.1,1,abcd21,20,959,60,1,0,1,0,0,1,1,2,Potentially_Illegitimate_Event,High Risk
25,111.111.1.1,1,abcd21,20,299,64,1,0,1,0,0,1,1,2,Potentially_Illegitimate_Event,High Risk
26,111.111.1.1,1,abcd21,20,594,58,1,0,1,0,0,1,1,2,Potentially_Illegitimate_Event,High Risk
27,111.111.1.1,1,abcd21,20,998,12,1,0,1,0,0,1,1,2,Potentially_Illegitimate_Event,High Risk
28,111.111.1.1,1,abcd21,20,31,38,1,0,1,1,0,1,1,3,Potentially_Illegitimate_Event,High Risk
29,111.111.1.1,1,abcd21,20,132,97,1,0,1,0,0,1,1,2,Potentially_Illegitimate_Event,High Risk
30,111.111.3.2,1,abcd21,20,529,37,1,0,1,0,0,1,1,2,Potentially_Illegitimate_Event,High Risk
31,111.111.3.3,1,abcd21,20,299,64,0,0,1,0,0,0,1,1,Potentially_Illegitimate_Event,Moderate Risk
32,111.111.3.4,1,abcd21,20,440,25,0,0,1,0,0,0,1,1,Potentially_Illegitimate_Event,Moderate Risk
33,111.111.3.5,1,abcd21,20,418,4,0,0,1,0,0,0,1,1,Potentially_Illegitimate_Event,Moderate Risk
34,111.111.3.6,1,abcd21,20,96,58,0,0,1,0,0,0,1,1,Potentially_Illegitimate_Event,Moderate Risk
35,111.111.3.7,1,abcd21,20,551,36,0,0,1,0,0,0,1,1,Potentially_Illegitimate_Event,Moderate Risk
36,111.111.3.8,1,abcd21,20,316,46,0,0,1,0,0,0,1,1,Potentially_Illegitimate_Event,Moderate Risk
37,111.111.3.9,1,abcd21,20,731,6,0,0,1,0,0,0,1,1,Potentially_Illegitimate_Event,Moderate Risk
38,111.111.4.1,1,abcd21,20,127,90,0,0,1,0,0,0,1,1,Potentially_Illegitimate_Event,Moderate Risk
39,111.111.4.2,1,abcd21,20,815,27,0,0,1,0,0,0,1,1,Potentially_Illegitimate_Event,Moderate Risk
40,111.111.4.3,1,abcd21,20,707,32,0,0,1,0,0,0,1,1,Potentially_Illegitimate_Event,Moderate Risk
41,111.111.4.4,1,abcd21,20,894,90,0,0,1,0,0,0,1,1,Potentially_Illegitimate_Event,Moderate Risk
42,111.111.4.5,1,abcd22,1,105,42,0,0,0,0,0,0,0,0,Legitimate_Event,Negligible Risk
43,111.111.4.6,1,abcd23,1,29,51,0,0,0,1,0,0,1,1,Potentially_Illegitimate_Event,Moderate Risk
44,111.111.4.7,1,abcd24,1,37,57,0,0,0,1,0,0,1,1,Potentially_Illegitimate_Event,Moderate Risk
45,111.111.4.8,1,abcd25,1,47,10,0,0,0,1,0,0,1,1,Potentially_Illegitimate_Event,Moderate Risk
46,111.111.4.9,1,abcd26,1,46,9,0,0,0,1,0,0,1,1,Potentially_Illegitimate_Event,Moderate Risk
47,111.111.5.1,1,abcd27,1,9,32,0,0,0,1,0,0,1,1,Potentially_Illegitimate_Event,Moderate Risk
48,111.111.5.2,1,abcd28,1,32,66,0,0,0,1,0,0,1,1,Potentially_Illegitimate_Event,Moderate Risk
49,111.111.5.3,1,abcd29,1,56,38,0,0,0,1,0,0,1,1,Potentially_Illegitimate_Event,Moderate Risk
50,111.111.5.4,1,abcd30,1,29,90,0,0,0,1,0,0,1,1,Potentially_Illegitimate_Event,Moderate Risk
51,111.111.5.5,1,abcd31,1,49,28,0,0,0,1,0,0,1,1,Potentially_Illegitimate_Event,Moderate Risk
52,111.111.5.6,1,abcd32,1,5,65,0,0,0,1,0,0,1,1,Potentially_Illegitimate_Event,Moderate Risk
53,111.111.5.7,1,abcd33,1,5,41,0,0,0,1,0,0,1,1,Potentially_Illegitimate_Event,Moderate Risk
54,111.111.5.8,1,abcd34,1,17,63,0,0,0,1,0,0,1,1,Potentially_Illegitimate_Event,Moderate Risk
55,111.111.3.1,1,abcd35,1,45,12,0,0,0,1,0,0,1,1,Potentially_Illegitimate_Event,Moderate Risk
56,111.111.5.9,1,abcd36,1,22,18,0,0,0,1,0,0,1,1,Potentially_Illegitimate_Event,Moderate Risk
57,111.111.6.1,1,abcd37,1,51,77,0,0,0,1,0,0,1,1,Potentially_Illegitimate_Event,Moderate Risk
58,111.111.6.2,1,abcd38,1,33,72,0,0,0,1,0,0,1,1,Potentially_Illegitimate_Event,Moderate Risk
59,111.111.6.3,1,abcd39,1,17,35,0,0,0,1,0,0,1,1,Potentially_Illegitimate_Event,Moderate Risk
60,111.111.6.4,1,abcd40,1,55,89,0,0,0,1,0,0,1,1,Potentially_Illegitimate_Event,Moderate Risk
61,111.111.6.5,1,abcd41,1,56,47,0,0,0,1,0,0,1,1,Potentially_Illegitimate_Event,Moderate Risk
62,111.111.6.6,1,abcd42,1,910,0,0,0,0,0,1,0,1,1,Potentially_Illegitimate_Event,Moderate Risk
63,111.111.6.7,1,abcd43,1,394,0,0,0,0,0,1,0,1,1,Potentially_Illegitimate_Event,Moderate Risk
64,111.111.6.8,1,abcd44,1,321,0,0,0,0,0,1,0,1,1,Potentially_Illegitimate_Event,Moderate Risk
65,111.111.6.9,1,abcd45,1,231,0,0,0,0,0,1,0,1,1,Potentially_Illegitimate_Event,Moderate Risk
66,111.111.7.1,1,abcd46,1,856,0,0,0,0,0,1,0,1,1,Potentially_Illegitimate_Event,Moderate Risk
67,111.111.7.2,1,abcd47,1,561,0,0,0,0,0,1,0,1,1,Potentially_Illegitimate_Event,Moderate Risk
68,111.111.7.3,1,abcd48,1,143,0,0,0,0,0,1,0,1,1,Potentially_Illegitimate_Event,Moderate Risk
69,111.111.7.4,1,abcd49,1,507,0,0,0,0,0,1,0,1,1,Potentially_Illegitimate_Event,Moderate Risk
70,111.111.7.5,1,abcd50,1,773,0,0,0,0,0,1,0,1,1,Potentially_Illegitimate_Event,Moderate Risk
71,111.111.7.6,1,abcd51,1,63,0,0,0,0,0,1,0,1,1,Potentially_Illegitimate_Event,Moderate Risk
72,111.111.7.7,1,abcd52,1,513,0,0,0,0,0,1,0,1,1,Potentially_Illegitimate_Event,Moderate Risk
73,111.111.7.8,1,abcd53,1,374,0,0,0,0,0,1,0,1,1,Potentially_Illegitimate_Event,Moderate Risk
74,111.111.7.9,1,abcd54,1,666,0,0,0,0,0,1,0,1,1,Potentially_Illegitimate_Event,Moderate Risk
75,111.111.8.1,1,abcd55,1,984,0,0,0,0,0,1,0,1,1,Potentially_Illegitimate_Event,Moderate Risk
76,111.111.8.2,1,abcd56,1,488,0,0,0,0,0,1,0,1,1,Potentially_Illegitimate_Event,Moderate Risk
77,111.111.8.3,1,abcd57,1,200,0,1,0,0,0,1,1,1,2,Potentially_Illegitimate_Event,High Risk
78,111.111.8.4,1,abcd58,1,133,0,0,0,0,0,1,0,1,1,Potentially_Illegitimate_Event,Moderate Risk
79,111.111.8.5,1,abcd59,1,903,0,1,0,0,0,1,1,1,2,Potentially_Illegitimate_Event,High Risk
80,111.111.8.6,1,abcd60,1,186,0,1,0,0,0,1,1,1,2,Potentially_Illegitimate_Event,High Risk
81,111.111.8.7,1,abcd61,1,214,0,0,0,0,0,1,0,1,1,Potentially_Illegitimate_Event,Moderate Risk
82,111.111.8.8,1,abcd62,1,221,27,0,0,0,0,0,0,0,0,Legitimate_Event,Negligible Risk
83,111.111.8.9,1,abcd63,1,227,82,0,0,0,0,0,0,0,0,Legitimate_Event,Negligible Risk
84,111.111.9.1,1,abcd64,1,234,63,0,0,0,0,0,0,0,0,Legitimate_Event,Negligible Risk
85,111.111.9.2,1,abcd65,1,240,9,0,0,0,0,0,0,0,0,Legitimate_Event,Negligible Risk
86,111.111.9.3,1,abcd66,1,247,4,0,0,0,0,0,0,0,0,Legitimate_Event,Negligible Risk
87,111.111.9.4,1,abcd67,1,253,98,0,0,0,0,0,0,0,0,Legitimate_Event,Negligible Risk
88,111.111.9.5,1,abcd68,1,260,29,0,0,0,0,0,0,0,0,Legitimate_Event,Negligible Risk
89,111.111.9.6,1,abcd69,1,266,27,0,0,0,0,0,0,0,0,Legitimate_Event,Negligible Risk
90,111.111.9.7,1,abcd70,1,273,16,0,0,0,0,0,0,0,0,Legitimate_Event,Negligible Risk
91,111.111.9.8,1,abcd71,1,279,78,0,0,0,0,0,0,0,0,Legitimate_Event,Negligible Risk
92,111.111.9.9,1,abcd72,1,285,21,0,0,0,0,0,0,0,0,Legitimate_Event,Negligible Risk
93,111.123.1.1,1,abcd73,1,585,42,0,0,0,0,0,0,0,0,Legitimate_Event,Negligible Risk
94,111.123.1.2,1,abcd74,1,268,16,0,0,0,0,0,0,0,0,Legitimate_Event,Negligible Risk
95,111.123.1.3,1,abcd75,1,158,81,0,0,0,0,0,0,0,0,Legitimate_Event,Negligible Risk
96,111.123.1.4,1,abcd76,1,340,25,0,0,0,0,0,0,0,0,Legitimate_Event,Negligible Risk
97,111.123.1.5,1,abcd77,1,226,93,0,0,0,0,0,0,0,0,Legitimate_Event,Negligible Risk
98,111.123.1.6,1,abcd78,1,66,68,0,0,0,0,0,0,0,0,Legitimate_Event,Negligible Risk
99,111.123.1.7,1,abcd79,1,110,23,0,0,0,0,0,0,0,0,Legitimate_Event,Negligible Risk
100,111.123.1.8,1,abcd80,1,634,91,0,0,0,0,0,0,0,0,Legitimate_Event,Negligible Risk
101,111.123.1.9,1,abcd81,1,78,46,0,0,0,0,0,0,0,0,Legitimate_Event,Negligible Risk
102,111.123.2.1,1,abcd82,1,281,76,0,0,0,0,0,0,0,0,Legitimate_Event,Negligible Risk
103,111.123.2.2,1,abcd83,1,884,88,0,0,0,0,0,0,0,0,Legitimate_Event,Negligible Risk
104,111.123.2.3,1,abcd84,1,805,67,0,0,0,0,0,0,0,0,Legitimate_Event,Negligible Risk
105,111.123.2.4,1,abcd85,1,168,21,0,0,0,0,0,0,0,0,Legitimate_Event,Negligible Risk
106,111.123.2.5,1,abcd86,1,493,11,0,0,0,0,0,0,0,0,Legitimate_Event,Negligible Risk
107,111.123.2.6,1,abcd87,1,842,94,0,0,0,0,0,0,0,0,Legitimate_Event,Negligible Risk
108,111.123.2.7,1,abcd88,1,369,68,0,0,0,0,0,0,0,0,Legitimate_Event,Negligible Risk
109,111.123.2.8,1,abcd89,1,789,2,0,0,0,0,0,0,0,0,Legitimate_Event,Negligible Risk
110,111.123.2.9,1,abcd90,1,566,47,0,0,0,0,0,0,0,0,Legitimate_Event,Negligible Risk
111,111.123.3.1,1,abcd91,1,205,96,0,0,0,0,0,0,0,0,Legitimate_Event,Negligible Risk
112,111.123.3.2,1,abcd92,1,96,40,0,0,0,0,0,0,0,0,Legitimate_Event,Negligible Risk
113,111.123.3.3,1,abcd93,1,893,57,0,0,0,0,0,0,0,0,Legitimate_Event,Negligible Risk
114,111.123.3.4,1,abcd94,1,776,14,0,0,0,0,0,0,0,0,Legitimate_Event,Negligible Risk
115,111.123.3.5,1,abcd95,1,597,74,0,0,0,0,0,0,0,0,Legitimate_Event,Negligible Risk
116,111.123.3.6,1,abcd96,1,295,96,0,0,0,0,0,0,0,0,Legitimate_Event,Negligible Risk
117,111.123.3.7,1,abcd97,1,778,1,0,0,0,0,0,0,0,0,Legitimate_Event,Negligible Risk
118,111.123.3.8,1,abcd98,1,650,79,0,0,0,0,0,0,0,0,Legitimate_Event,Negligible Risk
119,111.123.3.9,1,abcd99,1,882,26,0,0,0,0,0,0,0,0,Legitimate_Event,Negligible Risk
120,111.123.4.1,1,abcd100,1,412,10,0,0,0,0,0,0,0,0,Legitimate_Event,Negligible Risk
121,111.123.4.2,1,abcd101,1,446,91,0,0,0,0,0,0,0,0,Legitimate_Event,Negligible Risk
122,111.123.4.3,1,abcd102,1,607,97,0,0,0,0,0,0,0,0,Legitimate_Event,Negligible Risk
123,111.123.4.4,1,abcd103,1,161,74,0,0,0,0,0,0,0,0,Legitimate_Event,Negligible Risk
124,111.123.4.5,1,abcd104,1,640,35,0,0,0,0,0,0,0,0,Legitimate_Event,Negligible Risk
125,111.123.4.6,1,abcd105,1,25,23,0,0,0,0,0,0,0,0,Legitimate_Event,Negligible Risk
126,111.123.4.7,1,abcd106,1,498,100,0,0,0,0,0,0,0,0,Legitimate_Event,Negligible Risk
127,111.123.4.8,1,abcd107,1,998,51,0,0,0,0,0,0,0,0,Legitimate_Event,Negligible Risk
128,111.123.4.9,1,abcd108,1,34,81,0,0,0,0,0,0,0,0,Legitimate_Event,Negligible Risk
129,111.123.5.1,1,abcd109,1,222,93,0,0,0,0,0,0,0,0,Legitimate_Event,Negligible Risk
130,111.123.5.2,1,abcd110,1,22,85,0,0,0,0,0,0,0,0,Legitimate_Event,Negligible Risk
131,111.123.5.3,1,abcd111,1,96,23,0,0,0,0,0,0,0,0,Legitimate_Event,Negligible Risk
132,111.123.5.4,1,abcd112,1,753,39,0,0,0,0,0,0,0,0,Legitimate_Event,Negligible Risk
133,111.123.5.5,1,abcd113,1,839,29,0,0,0,0,0,0,0,0,Legitimate_Event,Negligible Risk
134,111.123.5.6,1,abcd114,1,615,97,0,0,0,0,0,0,0,0,Legitimate_Event,Negligible Risk
135,111.123.5.7,1,abcd115,1,924,7,0,0,0,0,0,0,0,0,Legitimate_Event,Negligible Risk
136,111.123.5.8,1,abcd116,1,457,13,0,0,0,0,0,0,0,0,Legitimate_Event,Negligible Risk
137,111.123.5.9,1,abcd117,1,19,90,0,0,0,0,0,0,0,0,Legitimate_Event,Negligible Risk
138,111.123.6.1,1,abcd118,1,806,56,0,0,0,0,0,0,0,0,Legitimate_Event,Negligible Risk
139,111.123.6.2,1,abcd119,1,997,76,0,0,0,0,0,0,0,0,Legitimate_Event,Negligible Risk
140,111.123.6.3,1,abcd120,1,516,9,0,0,0,0,0,0,0,0,Legitimate_Event,Negligible Risk
141,111.123.6.4,1,abcd121,1,38,92,0,0,0,0,0,0,0,0,Legitimate_Event,Negligible Risk
142,111.123.6.5,1,abcd122,1,227,59,0,0,0,0,0,0,0,0,Legitimate_Event,Negligible Risk
143,111.123.6.6,1,abcd123,1,861,35,0,0,0,0,0,0,0,0,Legitimate_Event,Negligible Risk
144,111.123.6.7,1,abcd124,1,697,76,0,0,0,0,0,0,0,0,Legitimate_Event,Negligible Risk
145,111.123.6.8,1,abcd125,1,120,86,0,0,0,0,0,0,0,0,Legitimate_Event,Negligible Risk
146,111.123.6.9,1,abcd126,1,448,58,0,0,0,0,0,0,0,0,Legitimate_Event,Negligible Risk
147,111.123.7.1,1,abcd127,1,104,97,0,0,0,0,0,0,0,0,Legitimate_Event,Negligible Risk
148,111.123.7.2,1,abcd128,1,180,5,0,0,0,0,0,0,0,0,Legitimate_Event,Negligible Risk
149,111.123.7.3,1,abcd129,1,987,14,0,0,0,0,0,0,0,0,Legitimate_Event,Negligible Risk
150,111.123.7.4,1,abcd130,1,526,77,0,0,0,0,0,0,0,0,Legitimate_Event,Negligible Risk
151,111.123.7.5,1,abcd131,1,97,68,0,0,0,0,0,0,0,0,Legitimate_Event,Negligible Risk
152,111.123.7.6,1,abcd132,1,313,50,0,0,0,0,0,0,0,0,Legitimate_Event,Negligible Risk
153,111.123.7.7,1,abcd133,1,598,22,0,0,0,0,0,0,0,0,Legitimate_Event,Negligible Risk
154,111.123.7.8,1,abcd134,1,730,46,0,0,0,0,0,0,0,0,Legitimate_Event,Negligible Risk
155,111.123.7.9,1,abcd135,1,548,43,0,0,0,0,0,0,0,0,Legitimate_Event,Negligible Risk
156,111.123.8.1,1,abcd136,1,275,36,0,0,0,0,0,0,0,0,Legitimate_Event,Negligible Risk
157,111.123.8.2,1,abcd137,1,779,65,0,0,0,0,0,0,0,0,Legitimate_Event,Negligible Risk
158,111.123.8.3,1,abcd138,1,186,19,0,0,0,0,0,0,0,0,Legitimate_Event,Negligible Risk
159,111.123.8.4,1,abcd139,1,355,52,0,0,0,0,0,0,0,0,Legitimate_Event,Negligible Risk
160,111.123.8.5,1,abcd140,1,933,91,0,0,0,0,0,0,0,0,Legitimate_Event,Negligible Risk
161,111.123.8.6,1,abcd141,1,286,44,0,0,0,0,0,0,0,0,Legitimate_Event,Negligible Risk
162,111.123.8.7,1,abcd142,1,295,26,0,0,0,0,0,0,0,0,Legitimate_Event,Negligible Risk
163,111.123.8.8,1,abcd143,1,710,39,0,0,0,0,0,0,0,0,Legitimate_Event,Negligible Risk
164,111.123.8.9,1,abcd144,1,503,57,0,0,0,0,0,0,0,0,Legitimate_Event,Negligible Risk
165,111.123.9.1,1,abcd145,1,159,26,0,0,0,0,0,0,0,0,Legitimate_Event,Negligible Risk
166,111.123.9.2,1,abcd146,1,644,21,0,0,0,0,0,0,0,0,Legitimate_Event,Negligible Risk
167,111.123.9.3,1,abcd147,1,861,49,0,0,0,0,0,0,0,0,Legitimate_Event,Negligible Risk
168,111.123.9.4,1,abcd148,1,306,0,0,0,0,0,0,0,0,0,Legitimate_Event,Negligible Risk
169,111.123.9.5,1,abcd149,1,95,68,0,0,0,0,0,0,0,0,Legitimate_Event,Negligible Risk
170,111.123.9.6,1,abcd150,1,807,70,0,0,0,0,0,0,0,0,Legitimate_Event,Negligible Risk
171,111.123.9.7,1,abcd151,1,467,16,0,0,0,0,0,0,0,0,Legitimate_Event,Negligible Risk
172,111.123.9.8,1,abcd152,1,782,49,0,0,0,0,0,0,0,0,Legitimate_Event,Negligible Risk
173,111.123.9.9,1,abcd153,1,980,48,0,0,0,0,0,0,0,0,Legitimate_Event,Negligible Risk
174,111.121.1.1,1,abcd154,1,844,75,0,0,0,0,0,0,0,0,Legitimate_Event,Negligible Risk
175,111.121.1.2,1,abcd155,1,12,70,0,0,0,0,0,0,0,0,Legitimate_Event,Negligible Risk
176,111.121.1.3,1,abcd156,1,189,4,0,0,0,0,0,0,0,0,Legitimate_Event,Negligible Risk
177,111.121.1.4,1,abcd157,1,631,98,0,0,0,0,0,0,0,0,Legitimate_Event,Negligible Risk
178,111.121.1.5,1,abcd158,1,541,12,0,0,0,0,0,0,0,0,Legitimate_Event,Negligible Risk
179,111.121.1.6,1,abcd159,1,313,69,0,0,0,0,0,0,0,0,Legitimate_Event,Negligible Risk
180,111.121.1.7,1,abcd160,1,845,50,0,0,0,0,0,0,0,0,Legitimate_Event,Negligible Risk
181,111.121.1.8,1,abcd161,1,278,48,0,0,0,0,0,0,0,0,Legitimate_Event,Negligible Risk
182,111.121.1.9,1,abcd162,1,443,89,0,0,0,0,0,0,0,0,Legitimate_Event,Negligible Risk
183,111.121.2.0,1,abcd163,1,770,36,0,0,0,0,0,0,0,0,Legitimate_Event,Negligible Risk
184,111.121.2.1,1,abcd164,1,575,7,0,0,0,0,0,0,0,0,Legitimate_Event,Negligible Risk
185,111.121.2.2,1,abcd165,1,301,64,0,0,0,0,0,0,0,0,Legitimate_Event,Negligible Risk
186,111.121.2.3,1,abcd166,1,493,62,0,0,0,0,0,0,0,0,Legitimate_Event,Negligible Risk
187,111.121.2.4,1,abcd167,1,624,40,0,0,0,0,0,0,0,0,Legitimate_Event,Negligible Risk
188,111.121.2.5,1,abcd168,1,54,78,0,0,0,0,0,0,0,0,Legitimate_Event,Negligible Risk
189,111.121.2.6,1,abcd169,1,264,95,0,0,0,0,0,0,0,0,Legitimate_Event,Negligible Risk
190,111.121.2.7,1,abcd170,1,674,55,0,0,0,0,0,0,0,0,Legitimate_Event,Negligible Risk
191,111.121.2.8,1,abcd171,1,169,65,0,0,0,0,0,0,0,0,Legitimate_Event,Negligible Risk
192,111.121.2.9,1,abcd172,1,70,71,0,0,0,0,0,0,0,0,Legitimate_Event,Negligible Risk
193,111.121.3.1,1,abcd173,1,341,5,0,0,0,0,0,0,0,0,Legitimate_Event,Negligible Risk
194,111.121.3.2,1,abcd174,1,376,65,0,0,0,0,0,0,0,0,Legitimate_Event,Negligible Risk
195,111.121.3.3,1,abcd175,1,556,50,0,0,0,0,0,0,0,0,Legitimate_Event,Negligible Risk
196,111.121.3.4,1,abcd176,1,345,52,0,0,0,0,0,0,0,0,Legitimate_Event,Negligible Risk
197,111.121.3.5,1,abcd177,1,818,39,0,0,0,0,0,0,0,0,Legitimate_Event,Negligible Risk
198,111.121.3.6,1,abcd178,1,361,67,0,0,0,0,0,0,0,0,Legitimate_Event,Negligible Risk
199,111.121.3.7,1,abcd179,1,547,30,0,0,0,0,0,0,0,0,Legitimate_Event,Negligible Risk
200,111.121.3.8,1,abcd180,1,443,61,0,0,0,0,0,0,0,0,Legitimate_Event,Negligible Risk
201,111.121.3.9,1,abcd181,1,473,94,0,0,0,0,0,0,0,0,Legitimate_Event,Negligible Risk
202,111.121.4.0,1,abcd182,1,82,61,0,0,0,0,0,0,0,0,Legitimate_Event,Negligible Risk
203,111.121.4.1,1,abcd183,1,344,15,0,0,0,0,0,0,0,0,Legitimate_Event,Negligible Risk
204,111.121.4.2,1,abcd184,1,457,98,0,0,0,0,0,0,0,0,Legitimate_Event,Negligible Risk
205,111.121.4.3,1,abcd185,1,286,89,0,0,0,0,0,0,0,0,Legitimate_Event,Negligible Risk
206,111.121.4.4,1,abcd186,1,803,43,0,0,0,0,0,0,0,0,Legitimate_Event,Negligible Risk
207,111.121.4.5,1,abcd187,1,406,34,0,0,0,0,0,0,0,0,Legitimate_Event,Negligible Risk
208,111.121.4.6,1,abcd188,1,640,33,0,0,0,0,0,0,0,0,Legitimate_Event,Negligible Risk
209,111.121.4.7,1,abcd189,1,111,22,0,0,0,0,0,0,0,0,Legitimate_Event,Negligible Risk
210,111.121.4.8,1,abcd190,1,472,24,0,0,0,0,0,0,0,0,Legitimate_Event,Negligible Risk
211,111.121.4.9,1,abcd191,1,991,35,0,0,0,0,0,0,0,0,Legitimate_Event,Negligible Risk
212,111.121.5.0,1,abcd192,1,859,24,0,0,0,0,0,0,0,0,Legitimate_Event,Negligible Risk
213,111.121.5.1,1,abcd193,1,653,60,0,0,0,0,0,0,0,0,Legitimate_Event,Negligible Risk
214,111.121.5.2,1,abcd194,1,485,63,0,0,0,0,0,0,0,0,Legitimate_Event,Negligible Risk
215,111.121.5.3,1,abcd195,1,3,67,0,0,0,0,0,0,0,0,Legitimate_Event,Negligible Risk
216,111.121.5.4,1,abcd196,1,788,59,0,0,0,0,0,0,0,0,Legitimate_Event,Negligible Risk
217,111.121.5.5,1,abcd197,1,333,77,0,0,0,0,0,0,0,0,Legitimate_Event,Negligible Risk
218,111.121.5.6,1,abcd198,1,580,8,0,0,0,0,0,0,0,0,Legitimate_Event,Negligible Risk
219,111.121.5.7,1,abcd199,1,618,42,0,0,0,0,0,0,0,0,Legitimate_Event,Negligible Risk
220,111.121.5.8,1,abcd200,1,34,63,0,0,0,0,0,0,0,0,Legitimate_Event,Negligible Risk
221,111.121.5.9,1,abcd201,1,412,54,0,0,0,0,0,0,0,0,Legitimate_Event,Negligible Risk
222,111.121.6.0,1,abcd202,1,863,39,0,0,0,0,0,0,0,0,Legitimate_Event,Negligible Risk
223,111.121.6.1,1,abcd203,1,74,3,0,0,0,0,0,0,0,0,Legitimate_Event,Negligible Risk
224,111.121.6.2,1,abcd204,1,988,32,0,0,0,0,0,0,0,0,Legitimate_Event,Negligible Risk
225,111.121.6.3,1,abcd205,1,34,90,0,0,0,0,0,0,0,0,Legitimate_Event,Negligible Risk
226,111.121.6.4,1,abcd206,1,587,91,0,0,0,0,0,0,0,0,Legitimate_Event,Negligible Risk
227,111.121.6.5,1,abcd207,1,960,28,0,0,0,0,0,0,0,0,Legitimate_Event,Negligible Risk
228,111.121.6.6,1,abcd208,1,34,66,0,0,0,0,0,0,0,0,Legitimate_Event,Negligible Risk
229,111.121.6.7,1,abcd209,1,688,38,0,0,0,0,0,0,0,0,Legitimate_Event,Negligible Risk
230,111.121.6.8,1,abcd210,1,679,49,0,0,0,0,0,0,0,0,Legitimate_Event,Negligible Risk
231,111.121.6.9,1,abcd211,1,303,91,0,0,0,0,0,0,0,0,Legitimate_Event,Negligible Risk
232,111.121.7.1,1,abcd212,1,918,77,0,0,0,0,0,0,0,0,Legitimate_Event,Negligible Risk
233,111.121.7.2,1,abcd213,1,975,32,0,0,0,0,0,0,0,0,Legitimate_Event,Negligible Risk
234,111.121.7.3,1,abcd214,1,155,24,0,0,0,0,0,0,0,0,Legitimate_Event,Negligible Risk
235,111.121.7.4,1,abcd215,1,782,13,0,0,0,0,0,0,0,0,Legitimate_Event,Negligible Risk
236,111.121.7.5,1,abcd216,1,458,49,0,0,0,0,0,0,0,0,Legitimate_Event,Negligible Risk
237,111.121.7.6,1,abcd217,1,436,43,0,0,0,0,0,0,0,0,Legitimate_Event,Negligible Risk
238,111.121.7.7,1,abcd218,1,526,20,0,0,0,0,0,0,0,0,Legitimate_Event,Negligible Risk
239,111.121.7.8,1,abcd219,1,423,7,0,0,0,0,0,0,0,0,Legitimate_Event,Negligible Risk
240,111.121.7.9,1,abcd220,1,542,66,0,0,0,0,0,0,0,0,Legitimate_Event,Negligible Risk
241,111.121.8.1,1,abcd221,1,653,83,0,0,0,0,0,0,0,0,Legitimate_Event,Negligible Risk
242,111.121.8.2,1,abcd222,1,978,20,0,0,0,0,0,0,0,0,Legitimate_Event,Negligible Risk
243,111.121.8.3,1,abcd223,1,200,10,0,0,0,0,0,0,0,0,Legitimate_Event,Negligible Risk
244,111.121.8.4,1,abcd224,1,271,26,0,0,0,0,0,0,0,0,Legitimate_Event,Negligible Risk
245,111.121.8.5,1,abcd225,1,783,93,0,0,0,0,0,0,0,0,Legitimate_Event,Negligible Risk
246,111.121.8.6,1,abcd226,1,657,40,0,0,0,0,0,0,0,0,Legitimate_Event,Negligible Risk
247,111.121.8.7,1,abcd227,1,81,48,0,0,0,0,0,0,0,0,Legitimate_Event,Negligible Risk
248,111.121.8.8,1,abcd228,1,452,21,0,0,0,0,0,0,0,0,Legitimate_Event,Negligible Risk
249,111.121.8.9,1,abcd229,1,187,18,0,0,0,0,0,0,0,0,Legitimate_Event,Negligible Risk
250,111.121.9.1,1,abcd230,1,638,19,0,0,0,0,0,0,0,0,Legitimate_Event,Negligible Risk
251,111.121.9.2,1,abcd231,1,175,94,0,0,0,0,0,0,0,0,Legitimate_Event,Negligible Risk
252,111.121.9.3,1,abcd232,1,118,50,0,0,0,0,0,0,0,0,Legitimate_Event,Negligible Risk
253,111.121.9.4,1,abcd233,1,825,29,0,0,0,0,0,0,0,0,Legitimate_Event,Negligible Risk
254,111.121.9.5,1,abcd234,1,231,32,0,0,0,0,0,0,0,0,Legitimate_Event,Negligible Risk
255,111.121.9.6,1,abcd235,1,830,58,0,0,0,0,0,0,0,0,Legitimate_Event,Negligible Risk
256,111.121.9.7,1,abcd236,1,637,42,0,0,0,0,0,0,0,0,Legitimate_Event,Negligible Risk
257,111.121.9.8,1,abcd237,1,671,63,0,0,0,0,0,0,0,0,Legitimate_Event,Negligible Risk
258,111.121.9.9,1,abcd238,1,125,55,0,0,0,0,0,0,0,0,Legitimate_Event,Negligible Risk
259,111.132.1.0,1,abcd239,1,675,93,0,0,0,0,0,0,0,0,Legitimate_Event,Negligible Risk
260,111.132.1.1,1,abcd240,1,53,67,0,0,0,0,0,0,0,0,Legitimate_Event,Negligible Risk
261,111.132.1.2,1,abcd241,1,452,1,0,0,0,0,0,0,0,0,Legitimate_Event,Negligible Risk
262,111.132.1.3,1,abcd242,1,495,22,0,0,0,0,0,0,0,0,Legitimate_Event,Negligible Risk
263,111.132.1.4,1,abcd243,1,903,58,0,0,0,0,0,0,0,0,Legitimate_Event,Negligible Risk
264,111.132.1.5,1,abcd244,1,704,0,0,0,0,0,0,0,0,0,Legitimate_Event,Negligible Risk
265,111.132.1.6,1,abcd245,1,673,26,0,0,0,0,0,0,0,0,Legitimate_Event,Negligible Risk
266,111.132.1.7,1,abcd246,1,602,71,0,0,0,0,0,0,0,0,Legitimate_Event,Negligible Risk
267,111.132.1.8,1,abcd247,1,265,53,0,0,0,0,0,0,0,0,Legitimate_Event,Negligible Risk
268,111.132.1.9,1,abcd248,1,829,21,0,0,0,0,0,0,0,0,Legitimate_Event,Negligible Risk
269,111.132.2.1,1,abcd249,1,6,69,0,0,0,0,0,0,0,0,Legitimate_Event,Negligible Risk
270,111.132.2.2,1,abcd250,1,606,78,0,0,0,0,0,0,0,0,Legitimate_Event,Negligible Risk
271,111.132.2.3,1,abcd251,1,619,85,0,0,0,0,0,0,0,0,Legitimate_Event,Negligible Risk
272,111.132.2.4,1,abcd252,1,841,81,0,0,0,0,0,0,0,0,Legitimate_Event,Negligible Risk
273,111.132.2.5,1,abcd253,1,824,8,0,0,0,0,0,0,0,0,Legitimate_Event,Negligible Risk
274,111.132.2.6,1,abcd254,1,283,75,0,0,0,0,0,0,0,0,Legitimate_Event,Negligible Risk
275,111.132.2.7,1,abcd255,1,124,38,0,0,0,0,0,0,0,0,Legitimate_Event,Negligible Risk
276,111.132.2.8,1,abcd256,1,167,74,0,0,0,0,0,0,0,0,Legitimate_Event,Negligible Risk
277,111.132.2.9,1,abcd257,1,855,26,0,0,0,0,0,0,0,0,Legitimate_Event,Negligible Risk
278,111.132.3.0,1,abcd258,1,82,9,0,0,0,0,0,0,0,0,Legitimate_Event,Negligible Risk
279,111.132.3.1,1,abcd259,1,577,12,0,0,0,0,0,0,0,0,Legitimate_Event,Negligible Risk
280,111.132.3.2,1,abcd260,1,67,71,0,0,0,0,0,0,0,0,Legitimate_Event,Negligible Risk
281,111.132.3.3,1,abcd261,1,697,46,0,0,0,0,0,0,0,0,Legitimate_Event,Negligible Risk
282,111.132.3.4,1,abcd262,1,504,41,0,0,0,0,0,0,0,0,Legitimate_Event,Negligible Risk
283,111.132.3.5,1,abcd263,1,748,81,0,0,0,0,0,0,0,0,Legitimate_Event,Negligible Risk
284,111.132.3.6,1,abcd264,1,673,66,0,0,0,0,0,0,0,0,Legitimate_Event,Negligible Risk
285,111.132.3.7,1,abcd265,1,183,10,0,0,0,0,0,0,0,0,Legitimate_Event,Negligible Risk
286,111.132.3.8,1,abcd266,1,82,46,0,0,0,0,0,0,0,0,Legitimate_Event,Negligible Risk
287,111.132.3.9,1,abcd267,1,989,73,0,0,0,0,0,0,0,0,Legitimate_Event,Negligible Risk
288,111.132.4.0,1,abcd268,1,529,15,0,0,0,0,0,0,0,0,Legitimate_Event,Negligible Risk
289,111.132.4.1,1,abcd269,1,408,43,0,0,0,0,0,0,0,0,Legitimate_Event,Negligible Risk
290,111.132.4.2,1,abcd270,1,344,85,0,0,0,0,0,0,0,0,Legitimate_Event,Negligible Risk
291,111.132.4.3,1,abcd271,1,836,89,0,0,0,0,0,0,0,0,Legitimate_Event,Negligible Risk
292,111.132.4.4,1,abcd272,1,292,98,0,0,0,0,0,0,0,0,Legitimate_Event,Negligible Risk
293,111.132.4.5,1,abcd273,1,572,79,0,0,0,0,0,0,0,0,Legitimate_Event,Negligible Risk
294,111.132.4.6,1,abcd274,1,17,77,0,0,0,0,0,0,0,0,Legitimate_Event,Negligible Risk
295,111.132.4.7,1,abcd275,1,811,18,0,0,0,0,0,0,0,0,Legitimate_Event,Negligible Risk
296,111.132.4.8,1,abcd276,1,909,1,0,0,0,0,0,0,0,0,Legitimate_Event,Negligible Risk
297,111.132.4.9,1,abcd277,1,632,83,0,0,0,0,0,0,0,0,Legitimate_Event,Negligible Risk
298,111.132.5.0,1,abcd278,1,393,68,0,0,0,0,0,0,0,0,Legitimate_Event,Negligible Risk
299,111.132.5.1,1,abcd279,1,122,61,0,0,0,0,0,0,0,0,Legitimate_Event,Negligible Risk
300,111.132.5.2,1,abcd280,1,476,40,0,0,0,0,0,0,0,0,Legitimate_Event,Negligible Risk
301,111.132.5.3,1,abcd281,1,194,55,0,0,0,0,0,0,0,0,Legitimate_Event,Negligible Risk
302,111.132.5.4,1,abcd282,1,190,26,0,0,0,0,0,0,0,0,Legitimate_Event,Negligible Risk
303,111.132.5.5,1,abcd283,1,525,60,0,0,0,0,0,0,0,0,Legitimate_Event,Negligible Risk
304,111.132.5.6,1,abcd284,1,212,33,0,0,0,0,0,0,0,0,Legitimate_Event,Negligible Risk
305,111.132.5.7,1,abcd285,1,978,44,0,0,0,0,0,0,0,0,Legitimate_Event,Negligible Risk
306,111.132.5.8,1,abcd286,1,512,22,0,0,0,0,0,0,0,0,Legitimate_Event,Negligible Risk
307,111.132.5.9,1,abcd287,1,148,85,0,0,0,0,0,0,0,0,Legitimate_Event,Negligible Risk
308,111.132.6.0,1,abcd288,1,474,27,0,0,0,0,0,0,0,0,Legitimate_Event,Negligible Risk
309,111.132.6.1,1,abcd289,1,664,54,0,0,0,0,0,0,0,0,Legitimate_Event,Negligible Risk
310,111.132.6.2,1,abcd290,1,446,86,0,0,0,0,0,0,0,0,Legitimate_Event,Negligible Risk
311,111.132.6.3,1,abcd291,1,717,1,0,0,0,0,0,0,0,0,Legitimate_Event,Negligible Risk
312,111.132.6.4,1,abcd292,1,466,11,0,0,0,0,0,0,0,0,Legitimate_Event,Negligible Risk
313,111.132.6.5,1,abcd293,1,915,52,0,0,0,0,0,0,0,0,Legitimate_Event,Negligible Risk
314,111.132.6.6,1,abcd294,1,684,85,0,0,0,0,0,0,0,0,Legitimate_Event,Negligible Risk
315,111.132.6.7,1,abcd295,1,235,22,0,0,0,0,0,0,0,0,Legitimate_Event,Negligible Risk
316,111.132.6.8,1,abcd296,1,398,42,0,0,0,0,0,0,0,0,Legitimate_Event,Negligible Risk
317,111.132.6.9,1,abcd297,1,899,77,0,0,0,0,0,0,0,0,Legitimate_Event,Negligible Risk
318,111.132.7.1,1,abcd298,1,62,74,0,0,0,0,0,0,0,0,Legitimate_Event,Negligible Risk
319,111.132.7.2,1,abcd299,1,822,43,0,0,0,0,0,0,0,0,Legitimate_Event,Negligible Risk
320,111.132.7.3,1,abcd300,1,129,26,0,0,0,0,0,0,0,0,Legitimate_Event,Negligible Risk
321,111.132.7.4,1,abcd301,1,690,44,0,0,0,0,0,0,0,0,Legitimate_Event,Negligible Risk
322,111.132.7.5,1,abcd302,1,302,1,0,0,0,0,0,0,0,0,Legitimate_Event,Negligible Risk
323,111.132.7.6,1,abcd303,1,162,81,0,0,0,0,0,0,0,0,Legitimate_Event,Negligible Risk
324,111.132.7.7,1,abcd304,1,977,21,0,0,0,0,0,0,0,0,Legitimate_Event,Negligible Risk
325,111.132.7.8,1,abcd305,1,514,87,0,0,0,0,0,0,0,0,Legitimate_Event,Negligible Risk
326,111.132.7.9,1,abcd306,1,336,11,0,0,0,0,0,0,0,0,Legitimate_Event,Negligible Risk
327,111.132.8.0,1,abcd307,1,667,24,0,0,0,0,0,0,0,0,Legitimate_Event,Negligible Risk
328,111.132.8.1,1,abcd308,1,239,35,0,0,0,0,0,0,0,0,Legitimate_Event,Negligible Risk
329,111.132.8.2,1,abcd309,1,920,18,0,0,0,0,0,0,0,0,Legitimate_Event,Negligible Risk
330,111.132.8.3,1,abcd310,1,500,18,0,0,0,0,0,0,0,0,Legitimate_Event,Negligible Risk
331,111.132.8.4,1,abcd311,1,296,51,0,0,0,0,0,0,0,0,Legitimate_Event,Negligible Risk
332,111.132.8.5,1,abcd312,1,168,34,0,0,0,0,0,0,0,0,Legitimate_Event,Negligible Risk
333,111.132.8.6,1,abcd313,1,606,99,0,0,0,0,0,0,0,0,Legitimate_Event,Negligible Risk
334,111.132.8.7,1,abcd314,1,611,60,0,0,0,0,0,0,0,0,Legitimate_Event,Negligible Risk
335,111.132.8.8,1,abcd315,1,695,34,0,0,0,0,0,0,0,0,Legitimate_Event,Negligible Risk
336,111.132.8.9,1,abcd316,1,578,78,0,0,0,0,0,0,0,0,Legitimate_Event,Negligible Risk
337,111.132.9.1,1,abcd317,1,820,11,0,0,0,0,0,0,0,0,Legitimate_Event,Negligible Risk
338,111.132.9.2,1,abcd318,1,353,79,0,0,0,0,0,0,0,0,Legitimate_Event,Negligible Risk
339,111.132.9.3,1,abcd319,1,188,48,0,0,0,0,0,0,0,0,Legitimate_Event,Negligible Risk
340,111.132.9.4,1,abcd320,1,14,90,0,0,0,0,0,0,0,0,Legitimate_Event,Negligible Risk
341,111.132.9.5,1,abcd321,1,961,91,0,0,0,0,0,0,0,0,Legitimate_Event,Negligible Risk
342,111.132.9.6,1,abcd322,1,696,23,0,0,0,0,0,0,0,0,Legitimate_Event,Negligible Risk
343,111.132.9.7,1,abcd323,1,990,98,0,0,0,0,0,0,0,0,Legitimate_Event,Negligible Risk
344,111.132.9.8,1,abcd324,1,403,51,0,0,0,0,0,0,0,0,Legitimate_Event,Negligible Risk
345,111.132.9.9,1,abcd325,1,235,17,0,0,0,0,0,0,0,0,Legitimate_Event,Negligible Risk
346,111.233.1.0,1,abcd326,1,79,14,0,0,0,0,0,0,0,0,Legitimate_Event,Negligible Risk
347,111.233.1.1,1,abcd327,1,875,86,0,0,0,0,0,0,0,0,Legitimate_Event,Negligible Risk
348,111.233.1.2,1,abcd328,1,439,53,0,0,0,0,0,0,0,0,Legitimate_Event,Negligible Risk
349,111.233.1.3,1,abcd329,1,30,87,0,0,0,0,0,0,0,0,Legitimate_Event,Negligible Risk
350,111.233.1.4,1,abcd330,1,914,59,0,0,0,0,0,0,0,0,Legitimate_Event,Negligible Risk
351,111.233.1.5,1,abcd331,1,492,34,0,0,0,0,0,0,0,0,Legitimate_Event,Negligible Risk
352,111.233.1.6,1,abcd332,1,513,50,0,0,0,0,0,0,0,0,Legitimate_Event,Negligible Risk
353,111.233.1.7,1,abcd333,1,935,35,0,0,0,0,0,0,0,0,Legitimate_Event,Negligible Risk
354,111.233.1.8,1,abcd334,1,552,57,0,0,0,0,0,0,0,0,Legitimate_Event,Negligible Risk
355,111.233.1.9,1,abcd335,1,411,83,0,0,0,0,0,0,0,0,Legitimate_Event,Negligible Risk
356,111.233.2.1,1,abcd336,1,855,45,0,0,0,0,0,0,0,0,Legitimate_Event,Negligible Risk
357,111.233.2.2,1,abcd337,1,212,17,0,0,0,0,0,0,0,0,Legitimate_Event,Negligible Risk
358,111.233.2.3,1,abcd338,1,241,88,0,0,0,0,0,0,0,0,Legitimate_Event,Negligible Risk
359,111.233.2.4,1,abcd339,1,22,63,0,0,0,0,0,0,0,0,Legitimate_Event,Negligible Risk
360,111.233.2.5,1,abcd340,1,707,40,0,0,0,0,0,0,0,0,Legitimate_Event,Negligible Risk
361,111.233.2.6,1,abcd341,1,853,22,0,0,0,0,0,0,0,0,Legitimate_Event,Negligible Risk
362,111.233.2.7,1,abcd342,1,750,48,0,0,0,0,0,0,0,0,Legitimate_Event,Negligible Risk
363,111.233.2.8,1,abcd343,1,359,60,0,0,0,0,0,0,0,0,Legitimate_Event,Negligible Risk
364,111.233.2.9,1,abcd344,1,774,55,0,0,0,0,0,0,0,0,Legitimate_Event,Negligible Risk
365,111.233.3.1,1,abcd345,1,288,45,0,0,0,0,0,0,0,0,Legitimate_Event,Negligible Risk
366,111.233.3.2,1,abcd346,1,275,39,0,0,0,0,0,0,0,0,Legitimate_Event,Negligible Risk
367,111.233.3.3,1,abcd347,1,4,51,0,0,0,0,0,0,0,0,Legitimate_Event,Negligible Risk
368,111.233.3.4,1,abcd348,1,889,24,0,0,0,0,0,0,0,0,Legitimate_Event,Negligible Risk
369,111.233.3.5,1,abcd349,1,221,76,0,0,0,0,0,0,0,0,Legitimate_Event,Negligible Risk
370,111.233.3.6,1,abcd350,1,979,2,0,0,0,0,0,0,0,0,Legitimate_Event,Negligible Risk
371,111.233.3.7,1,abcd351,1,272,96,0,0,0,0,0,0,0,0,Legitimate_Event,Negligible Risk
372,111.233.3.8,1,abcd352,1,814,69,0,0,0,0,0,0,0,0,Legitimate_Event,Negligible Risk
373,111.233.3.9,1,abcd353,1,45,93,0,0,0,0,0,0,0,0,Legitimate_Event,Negligible Risk
374,111.233.4.1,1,abcd354,1,986,40,0,0,0,0,0,0,0,0,Legitimate_Event,Negligible Risk
375,111.233.4.2,1,abcd355,1,3,5,0,0,0,0,0,0,0,0,Legitimate_Event,Negligible Risk
376,111.233.4.3,1,abcd356,1,390,13,0,0,0,0,0,0,0,0,Legitimate_Event,Negligible Risk
377,111.233.4.4,1,abcd357,1,771,90,0,0,0,0,0,0,0,0,Legitimate_Event,Negligible Risk
378,111.233.4.5,1,abcd358,1,967,53,0,0,0,0,0,0,0,0,Legitimate_Event,Negligible Risk
379,111.233.4.6,1,abcd359,1,391,41,0,0,0,0,0,0,0,0,Legitimate_Event,Negligible Risk
380,111.233.4.7,1,abcd360,1,763,42,0,0,0,0,0,0,0,0,Legitimate_Event,Negligible Risk
381,111.233.4.8,1,abcd361,1,431,7,0,0,0,0,0,0,0,0,Legitimate_Event,Negligible Risk
382,111.233.4.9,1,abcd362,1,489,77,0,0,0,0,0,0,0,0,Legitimate_Event,Negligible Risk
383,111.233.5.0,1,abcd363,1,473,34,0,0,0,0,0,0,0,0,Legitimate_Event,Negligible Risk
384,111.233.5.1,1,abcd364,1,262,25,0,0,0,0,0,0,0,0,Legitimate_Event,Negligible Risk
385,111.233.5.2,1,abcd365,1,479,30,0,0,0,0,0,0,0,0,Legitimate_Event,Negligible Risk
386,111.233.5.3,1,abcd366,1,173,6,0,0,0,0,0,0,0,0,Legitimate_Event,Negligible Risk
387,111.233.5.4,1,abcd367,1,85,10,0,0,0,0,0,0,0,0,Legitimate_Event,Negligible Risk
388,111.233.5.5,1,abcd368,1,620,14,0,0,0,0,0,0,0,0,Legitimate_Event,Negligible Risk
389,111.233.5.6,1,abcd369,1,791,80,0,0,0,0,0,0,0,0,Legitimate_Event,Negligible Risk
390,111.233.5.7,1,abcd370,1,298,45,0,0,0,0,0,0,0,0,Legitimate_Event,Negligible Risk
391,111.233.5.8,1,abcd371,1,321,12,0,0,0,0,0,0,0,0,Legitimate_Event,Negligible Risk
392,111.233.5.9,1,abcd372,1,596,58,0,0,0,0,0,0,0,0,Legitimate_Event,Negligible Risk
393,111.233.6.0,1,abcd373,1,499,52,0,0,0,0,0,0,0,0,Legitimate_Event,Negligible Risk
394,111.233.6.1,1,abcd374,1,924,38,0,0,0,0,0,0,0,0,Legitimate_Event,Negligible Risk
395,111.233.6.2,1,abcd375,1,778,6,0,0,0,0,0,0,0,0,Legitimate_Event,Negligible Risk
396,111.233.6.3,1,abcd376,1,762,29,0,0,0,0,0,0,0,0,Legitimate_Event,Negligible Risk
397,111.233.6.4,1,abcd377,1,8,75,0,0,0,0,0,0,0,0,Legitimate_Event,Negligible Risk
398,111.233.6.5,1,abcd378,1,793,84,0,0,0,0,0,0,0,0,Legitimate_Event,Negligible Risk
399,111.233.6.6,1,abcd379,1,195,59,0,0,0,0,0,0,0,0,Legitimate_Event,Negligible Risk
400,111.233.6.7,1,abcd380,1,145,11,0,0,0,0,0,0,0,0,Legitimate_Event,Negligible Risk
401,111.233.6.8,1,abcd381,1,276,51,0,0,0,0,0,0,0,0,Legitimate_Event,Negligible Risk
402,111.233.6.9,1,abcd382,1,205,62,0,0,0,0,0,0,0,0,Legitimate_Event,Negligible Risk
403,111.233.7.1,1,abcd383,1,365,34,0,0,0,0,0,0,0,0,Legitimate_Event,Negligible Risk
404,111.233.7.2,1,abcd384,1,657,21,0,0,0,0,0,0,0,0,Legitimate_Event,Negligible Risk
405,111.233.7.3,1,abcd385,1,609,14,0,0,0,0,0,0,0,0,Legitimate_Event,Negligible Risk
406,111.233.7.4,1,abcd386,1,872,79,0,0,0,0,0,0,0,0,Legitimate_Event,Negligible Risk
407,111.233.7.5,1,abcd387,1,599,7,0,0,0,0,0,0,0,0,Legitimate_Event,Negligible Risk
408,111.233.7.6,1,abcd388,1,787,67,0,0,0,0,0,0,0,0,Legitimate_Event,Negligible Risk
409,111.233.7.7,1,abcd389,1,982,93,0,0,0,0,0,0,0,0,Legitimate_Event,Negligible Risk
410,111.233.7.8,1,abcd390,1,223,24,0,0,0,0,0,0,0,0,Legitimate_Event,Negligible Risk
411,111.233.7.9,1,abcd391,1,375,22,0,0,0,0,0,0,0,0,Legitimate_Event,Negligible Risk
412,111.233.8.1,1,abcd392,1,772,87,0,0,0,0,0,0,0,0,Legitimate_Event,Negligible Risk
413,111.233.8.2,1,abcd393,1,165,72,0,0,0,0,0,0,0,0,Legitimate_Event,Negligible Risk
414,111.233.8.3,1,abcd394,1,5,51,0,0,0,0,0,0,0,0,Legitimate_Event,Negligible Risk
415,111.233.8.4,1,abcd395,1,227,22,0,0,0,0,0,0,0,0,Legitimate_Event,Negligible Risk
416,111.233.8.5,1,abcd396,1,613,43,0,0,0,0,0,0,0,0,Legitimate_Event,Negligible Risk
417,111.233.8.6,1,abcd397,1,758,96,0,0,0,0,0,0,0,0,Legitimate_Event,Negligible Risk
418,111.233.8.7,1,abcd398,1,72,88,0,0,0,0,0,0,0,0,Legitimate_Event,Negligible Risk
419,111.233.8.8,1,abcd399,1,385,53,0,0,0,0,0,0,0,0,Legitimate_Event,Negligible Risk
420,111.233.8.9,1,abcd400,1,596,88,0,0,0,0,0,0,0,0,Legitimate_Event,Negligible Risk
421,111.233.9.1,1,abcd401,1,537,68,0,0,0,0,0,0,0,0,Legitimate_Event,Negligible Risk
422,111.233.9.2,1,abcd402,1,165,76,0,0,0,0,0,0,0,0,Legitimate_Event,Negligible Risk
423,111.233.9.3,1,abcd403,1,141,14,0,0,0,0,0,0,0,0,Legitimate_Event,Negligible Risk
424,111.233.9.4,1,abcd404,1,672,77,0,0,0,0,0,0,0,0,Legitimate_Event,Negligible Risk
425,111.233.9.5,1,abcd405,1,427,56,0,0,0,0,0,0,0,0,Legitimate_Event,Negligible Risk
426,111.233.9.6,1,abcd406,1,114,65,0,0,0,0,0,0,0,0,Legitimate_Event,Negligible Risk
427,111.233.9.7,1,abcd407,1,434,64,0,0,0,0,0,0,0,0,Legitimate_Event,Negligible Risk
428,111.233.9.8,1,abcd408,1,936,31,0,0,0,0,0,0,0,0,Legitimate_Event,Negligible Risk
429,111.233.9.9,1,abcd409,1,786,47,0,0,0,0,0,0,0,0,Legitimate_Event,Negligible Risk
430,111.233.10.1,1,abcd410,1,363,5,0,0,0,0,0,0,0,0,Legitimate_Event,Negligible Risk
431,111.233.10.2,1,abcd411,1,680,94,0,0,0,0,0,0,0,0,Legitimate_Event,Negligible Risk
432,111.233.10.3,1,abcd412,1,669,13,0,0,0,0,0,0,0,0,Legitimate_Event,Negligible Risk
433,111.233.10.4,1,abcd413,1,623,19,0,0,0,0,0,0,0,0,Legitimate_Event,Negligible Risk
434,111.233.10.5,1,abcd414,1,909,51,0,0,0,0,0,0,0,0,Legitimate_Event,Negligible Risk
435,111.233.10.6,1,abcd415,1,451,89,0,0,0,0,0,0,0,0,Legitimate_Event,Negligible Risk
436,111.233.10.7,1,abcd416,1,891,37,0,0,0,0,0,0,0,0,Legitimate_Event,Negligible Risk
437,111.233.10.8,1,abcd417,1,835,86,0,0,0,0,0,0,0,0,Legitimate_Event,Negligible Risk
438,111.233.10.9,1,abcd418,1,757,86,0,0,0,0,0,0,0,0,Legitimate_Event,Negligible Risk
439,111.142.1.0,1,abcd419,1,212,67,0,0,0,0,0,0,0,0,Legitimate_Event,Negligible Risk
440,111.142.1.2,1,abcd420,1,132,89,0,0,0,0,0,0,0,0,Legitimate_Event,Negligible Risk
441,111.142.1.3,1,abcd421,1,546,55,0,0,0,0,0,0,0,0,Legitimate_Event,Negligible Risk
442,111.142.1.4,1,abcd422,1,802,1,0,0,0,0,0,0,0,0,Legitimate_Event,Negligible Risk
443,111.142.1.5,1,abcd423,1,936,26,0,0,0,0,0,0,0,0,Legitimate_Event,Negligible Risk
444,111.142.1.6,1,abcd424,1,172,84,0,0,0,0,0,0,0,0,Legitimate_Event,Negligible Risk
445,111.142.1.7,1,abcd425,1,158,74,0,0,0,0,0,0,0,0,Legitimate_Event,Negligible Risk
446,111.142.1.8,1,abcd426,1,551,90,0,0,0,0,0,0,0,0,Legitimate_Event,Negligible Risk
447,111.142.1.9,1,abcd427,1,125,70,0,0,0,0,0,0,0,0,Legitimate_Event,Negligible Risk
448,111.142.2.0,1,abcd428,1,857,63,0,0,0,0,0,0,0,0,Legitimate_Event,Negligible Risk
449,111.142.2.1,1,abcd429,1,753,92,0,0,0,0,0,0,0,0,Legitimate_Event,Negligible Risk
450,111.142.2.2,1,abcd430,1,514,52,0,0,0,0,0,0,0,0,Legitimate_Event,Negligible Risk
451,111.142.2.3,1,abcd431,1,410,78,0,0,0,0,0,0,0,0,Legitimate_Event,Negligible Risk
452,111.142.2.4,1,abcd432,1,668,92,0,0,0,0,0,0,0,0,Legitimate_Event,Negligible Risk
453,111.142.2.5,1,abcd433,1,112,50,0,0,0,0,0,0,0,0,Legitimate_Event,Negligible Risk
454,111.142.2.6,1,abcd434,1,167,4,0,0,0,0,0,0,0,0,Legitimate_Event,Negligible Risk
455,111.142.2.7,1,abcd435,1,676,86,0,0,0,0,0,0,0,0,Legitimate_Event,Negligible Risk
456,111.142.2.8,1,abcd436,1,646,6,0,0,0,0,0,0,0,0,Legitimate_Event,Negligible Risk
457,111.142.2.9,1,abcd437,1,707,7,0,0,0,0,0,0,0,0,Legitimate_Event,Negligible Risk
458,111.142.3.1,1,abcd438,1,320,76,0,0,0,0,0,0,0,0,Legitimate_Event,Negligible Risk
459,111.142.3.2,1,abcd439,1,386,81,0,0,0,0,0,0,0,0,Legitimate_Event,Negligible Risk
460,111.142.3.3,1,abcd440,1,432,82,0,0,0,0,0,0,0,0,Legitimate_Event,Negligible Risk
461,111.142.3.4,1,abcd441,1,681,94,0,0,0,0,0,0,0,0,Legitimate_Event,Negligible Risk
462,111.142.3.5,1,abcd442,1,410,50,0,0,0,0,0,0,0,0,Legitimate_Event,Negligible Risk
463,111.142.3.6,1,abcd443,1,582,92,0,0,0,0,0,0,0,0,Legitimate_Event,Negligible Risk
464,111.142.3.7,1,abcd444,1,634,59,0,0,0,0,0,0,0,0,Legitimate_Event,Negligible Risk
465,111.142.3.8,1,abcd445,1,6,80,0,0,0,0,0,0,0,0,Legitimate_Event,Negligible Risk
466,111.142.3.9,1,abcd446,1,692,8,0,0,0,0,0,0,0,0,Legitimate_Event,Negligible Risk
467,111.142.4.1,1,abcd447,1,862,23,0,0,0,0,0,0,0,0,Legitimate_Event,Negligible Risk
468,111.142.4.2,1,abcd448,1,483,22,0,0,0,0,0,0,0,0,Legitimate_Event,Negligible Risk
469,111.142.4.3,1,abcd449,1,737,15,0,0,0,0,0,0,0,0,Legitimate_Event,Negligible Risk
470,111.142.4.4,1,abcd450,1,593,17,0,0,0,0,0,0,0,0,Legitimate_Event,Negligible Risk
471,111.142.4.5,1,abcd451,1,477,40,0,0,0,0,0,0,0,0,Legitimate_Event,Negligible Risk
472,111.142.4.6,1,abcd452,1,734,43,0,0,0,0,0,0,0,0,Legitimate_Event,Negligible Risk
473,111.142.4.7,1,abcd453,1,492,64,0,0,0,0,0,0,0,0,Legitimate_Event,Negligible Risk
474,111.142.4.8,1,abcd454,1,467,0,0,0,0,0,0,0,0,0,Legitimate_Event,Negligible Risk
475,111.142.4.9,1,abcd455,1,588,31,0,0,0,0,0,0,0,0,Legitimate_Event,Negligible Risk
476,111.142.5.1,1,abcd456,1,91,60,0,0,0,0,0,0,0,0,Legitimate_Event,Negligible Risk
477,111.142.5.2,1,abcd457,1,107,63,0,0,0,0,0,0,0,0,Legitimate_Event,Negligible Risk
478,111.142.5.3,1,abcd458,1,853,48,0,0,0,0,0,0,0,0,Legitimate_Event,Negligible Risk
479,111.142.5.4,1,abcd459,1,619,62,0,0,0,0,0,0,0,0,Legitimate_Event,Negligible Risk
480,111.142.5.5,1,abcd460,1,993,51,0,0,0,0,0,0,0,0,Legitimate_Event,Negligible Risk
481,111.142.5.6,1,abcd461,1,673,31,0,0,0,0,0,0,0,0,Legitimate_Event,Negligible Risk
482,111.142.5.7,1,abcd462,1,917,92,0,0,0,0,0,0,0,0,Legitimate_Event,Negligible Risk
483,111.142.5.8,1,abcd463,1,617,56,0,0,0,0,0,0,0,0,Legitimate_Event,Negligible Risk
484,111.142.5.9,1,abcd464,1,462,83,0,0,0,0,0,0,0,0,Legitimate_Event,Negligible Risk
485,111.142.6.1,1,abcd465,1,32,78,0,0,0,0,0,0,0,0,Legitimate_Event,Negligible Risk
486,111.142.6.2,1,abcd466,1,116,4,0,0,0,0,0,0,0,0,Legitimate_Event,Negligible Risk
487,111.142.6.3,1,abcd467,1,471,42,0,0,0,0,0,0,0,0,Legitimate_Event,Negligible Risk
488,111.142.6.4,1,abcd468,1,885,65,0,0,0,0,0,0,0,0,Legitimate_Event,Negligible Risk
489,111.142.6.5,1,abcd469,1,167,78,0,0,0,0,0,0,0,0,Legitimate_Event,Negligible Risk
490,111.142.6.6,1,abcd470,1,310,82,0,0,0,0,0,0,0,0,Legitimate_Event,Negligible Risk
491,111.142.6.7,1,abcd471,1,888,3,0,0,0,0,0,0,0,0,Legitimate_Event,Negligible Risk
492,111.142.6.8,1,abcd472,1,964,73,0,0,0,0,0,0,0,0,Legitimate_Event,Negligible Risk
493,111.142.6.9,1,abcd473,1,817,45,0,0,0,0,0,0,0,0,Legitimate_Event,Negligible Risk
494,111.142.7.0,1,abcd474,1,461,78,0,0,0,0,0,0,0,0,Legitimate_Event,Negligible Risk
495,111.142.7.1,1,abcd475,1,39,24,0,0,0,0,0,0,0,0,Legitimate_Event,Negligible Risk
496,111.142.7.2,1,abcd476,1,838,91,0,0,0,0,0,0,0,0,Legitimate_Event,Negligible Risk
497,111.142.7.3,1,abcd477,1,85,30,0,0,0,0,0,0,0,0,Legitimate_Event,Negligible Risk
498,111.142.7.4,1,abcd478,1,800,72,0,0,0,0,0,0,0,0,Legitimate_Event,Negligible Risk
499,111.142.7.5,1,abcd479,1,855,77,0,0,0,0,0,0,0,0,Legitimate_Event,Negligible Risk
500,111.142.7.6,1,abcd480,1,324,32,0,0,0,0,0,0,0,0,Legitimate_Event,Negligible Risk
501,111.142.7.7,1,abcd481,1,758,12,0,0,0,0,0,0,0,0,Legitimate_Event,Negligible Risk
502,111.142.7.8,1,abcd482,1,822,71,0,0,0,0,0,0,0,0,Legitimate_Event,Negligible Risk
503,111.142.7.9,1,abcd483,1,96,18,0,0,0,0,0,0,0,0,Legitimate_Event,Negligible Risk
504,111.142.8.1,1,abcd484,1,508,88,0,0,0,0,0,0,0,0,Legitimate_Event,Negligible Risk
505,111.142.8.2,1,abcd485,1,567,52,0,0,0,0,0,0,0,0,Legitimate_Event,Negligible Risk
506,111.142.8.3,1,abcd486,1,761,87,0,0,0,0,0,0,0,0,Legitimate_Event,Negligible Risk
507,111.142.8.4,1,abcd487,1,393,41,0,0,0,0,0,0,0,0,Legitimate_Event,Negligible Risk
508,111.142.8.5,1,abcd488,1,450,6,0,0,0,0,0,0,0,0,Legitimate_Event,Negligible Risk
509,111.142.8.6,1,abcd489,1,636,7,0,0,0,0,0,0,0,0,Legitimate_Event,Negligible Risk
510,111.142.8.7,1,abcd490,1,277,17,0,0,0,0,0,0,0,0,Legitimate_Event,Negligible Risk
511,111.142.8.8,1,abcd491,1,668,44,0,0,0,0,0,0,0,0,Legitimate_Event,Negligible Risk
512,111.142.8.9,1,abcd492,1,621,42,0,0,0,0,0,0,0,0,Legitimate_Event,Negligible Risk
513,111.142.9.0,1,abcd493,1,895,65,0,0,0,0,0,0,0,0,Legitimate_Event,Negligible Risk
514,111.142.9.1,1,abcd494,1,892,11,0,0,0,0,0,0,0,0,Legitimate_Event,Negligible Risk
515,111.142.9.2,1,abcd495,1,522,10,0,0,0,0,0,0,0,0,Legitimate_Event,Negligible Risk
516,111.142.9.3,1,abcd496,1,776,39,0,0,0,0,0,0,0,0,Legitimate_Event,Negligible Risk
517,111.142.9.4,1,abcd497,1,378,35,0,0,0,0,0,0,0,0,Legitimate_Event,Negligible Risk
518,111.142.9.5,1,abcd498,1,383,38,0,0,0,0,0,0,0,0,Legitimate_Event,Negligible Risk
519,111.142.9.6,1,abcd499,1,408,16,0,0,0,0,0,0,0,0,Legitimate_Event,Negligible Risk
520,111.142.9.7,1,abcd500,1,373,10,0,0,0,0,0,0,0,0,Legitimate_Event,Negligible Risk
521,111.142.9.8,1,abcd501,1,885,34,0,0,0,0,0,0,0,0,Legitimate_Event,Negligible Risk
522,111.142.9.9,1,abcd502,1,713,85,0,0,0,0,0,0,0,0,Legitimate_Event,Negligible Risk
523,111.147.1.0,1,abcd503,1,659,34,0,0,0,0,0,0,0,0,Legitimate_Event,Negligible Risk
524,111.147.1.1,1,abcd504,1,311,12,0,0,0,0,0,0,0,0,Legitimate_Event,Negligible Risk
525,111.147.1.2,1,abcd505,1,672,68,0,0,0,0,0,0,0,0,Legitimate_Event,Negligible Risk
526,111.147.1.3,1,abcd506,1,286,65,0,0,0,0,0,0,0,0,Legitimate_Event,Negligible Risk
527,111.147.1.4,1,abcd507,1,746,54,0,0,0,0,0,0,0,0,Legitimate_Event,Negligible Risk
528,111.147.1.5,1,abcd508,1,723,36,0,0,0,0,0,0,0,0,Legitimate_Event,Negligible Risk
529,111.147.1.6,1,abcd509,1,502,57,0,0,0,0,0,0,0,0,Legitimate_Event,Negligible Risk
530,111.147.1.7,1,abcd510,1,283,61,0,0,0,0,0,0,0,0,Legitimate_Event,Negligible Risk
531,111.147.1.8,1,abcd511,1,443,27,0,0,0,0,0,0,0,0,Legitimate_Event,Negligible Risk
532,111.147.1.9,1,abcd512,1,789,71,0,0,0,0,0,0,0,0,Legitimate_Event,Negligible Risk
533,111.147.2.1,1,abcd513,1,613,46,0,0,0,0,0,0,0,0,Legitimate_Event,Negligible Risk
534,111.147.2.2,1,abcd514,1,572,46,0,0,0,0,0,0,0,0,Legitimate_Event,Negligible Risk
535,111.147.2.3,1,abcd515,1,942,92,0,0,0,0,0,0,0,0,Legitimate_Event,Negligible Risk
536,111.147.2.4,1,abcd516,1,63,12,0,0,0,0,0,0,0,0,Legitimate_Event,Negligible Risk
537,111.147.2.5,1,abcd517,1,872,95,0,0,0,0,0,0,0,0,Legitimate_Event,Negligible Risk
538,111.147.2.6,1,abcd518,1,242,11,0,0,0,0,0,0,0,0,Legitimate_Event,Negligible Risk
539,111.147.2.7,1,abcd519,1,354,54,0,0,0,0,0,0,0,0,Legitimate_Event,Negligible Risk
540,111.147.2.8,1,abcd520,1,575,41,0,0,0,0,0,0,0,0,Legitimate_Event,Negligible Risk
541,111.147.2.9,1,abcd521,1,706,46,0,0,0,0,0,0,0,0,Legitimate_Event,Negligible Risk
542,111.147.3.1,1,abcd522,1,91,35,0,0,0,0,0,0,0,0,Legitimate_Event,Negligible Risk
543,111.147.3.2,1,abcd523,1,407,96,0,0,0,0,0,0,0,0,Legitimate_Event,Negligible Risk
544,111.147.3.3,1,abcd524,1,96,32,0,0,0,0,0,0,0,0,Legitimate_Event,Negligible Risk
545,111.147.3.4,1,abcd525,1,154,0,0,0,0,0,0,0,0,0,Legitimate_Event,Negligible Risk
546,111.147.3.5,1,abcd526,1,532,18,0,0,0,0,0,0,0,0,Legitimate_Event,Negligible Risk
547,111.147.3.6,1,abcd527,1,656,92,0,0,0,0,0,0,0,0,Legitimate_Event,Negligible Risk
548,111.147.3.7,1,abcd528,1,259,76,0,0,0,0,0,0,0,0,Legitimate_Event,Negligible Risk
549,111.147.3.8,1,abcd529,1,774,96,0,0,0,0,0,0,0,0,Legitimate_Event,Negligible Risk
550,111.147.3.9,1,abcd530,1,218,32,0,0,0,0,0,0,0,0,Legitimate_Event,Negligible Risk
551,111.147.4.1,1,abcd531,1,942,31,0,0,0,0,0,0,0,0,Legitimate_Event,Negligible Risk
552,111.147.4.2,1,abcd532,1,925,77,0,0,0,0,0,0,0,0,Legitimate_Event,Negligible Risk
553,111.147.4.3,1,abcd533,1,949,47,0,0,0,0,0,0,0,0,Legitimate_Event,Negligible Risk
554,111.147.4.4,1,abcd534,1,381,21,0,0,0,0,0,0,0,0,Legitimate_Event,Negligible Risk
555,111.147.4.5,1,abcd535,1,394,17,0,0,0,0,0,0,0,0,Legitimate_Event,Negligible Risk
556,111.147.4.6,1,abcd536,1,67,99,0,0,0,0,0,0,0,0,Legitimate_Event,Negligible Risk
557,111.147.4.7,1,abcd537,1,603,48,0,0,0,0,0,0,0,0,Legitimate_Event,Negligible Risk
558,111.147.4.8,1,abcd538,1,279,22,0,0,0,0,0,0,0,0,Legitimate_Event,Negligible Risk
559,111.147.4.9,1,abcd539,1,760,27,0,0,0,0,0,0,0,0,Legitimate_Event,Negligible Risk
560,111.147.5.1,1,abcd540,1,655,13,0,0,0,0,0,0,0,0,Legitimate_Event,Negligible Risk
561,111.147.5.2,1,abcd541,1,195,67,0,0,0,0,0,0,0,0,Legitimate_Event,Negligible Risk
562,111.147.5.3,1,abcd542,1,409,76,0,0,0,0,0,0,0,0,Legitimate_Event,Negligible Risk
563,111.147.5.4,1,abcd543,1,474,76,0,0,0,0,0,0,0,0,Legitimate_Event,Negligible Risk
564,111.147.5.5,1,abcd544,1,536,30,0,0,0,0,0,0,0,0,Legitimate_Event,Negligible Risk
565,111.147.5.6,1,abcd545,1,386,21,0,0,0,0,0,0,0,0,Legitimate_Event,Negligible Risk
566,111.147.5.7,1,abcd546,1,108,18,0,0,0,0,0,0,0,0,Legitimate_Event,Negligible Risk
567,111.147.5.8,1,abcd547,1,423,45,0,0,0,0,0,0,0,0,Legitimate_Event,Negligible Risk
568,111.147.5.9,1,abcd548,1,34,90,0,0,0,0,0,0,0,0,Legitimate_Event,Negligible Risk
569,111.147.6.1,1,abcd549,1,730,47,0,0,0,0,0,0,0,0,Legitimate_Event,Negligible Risk
570,111.147.6.2,1,abcd550,1,954,62,0,0,0,0,0,0,0,0,Legitimate_Event,Negligible Risk
571,111.147.6.3,1,abcd551,1,52,60,0,0,0,0,0,0,0,0,Legitimate_Event,Negligible Risk
572,111.147.6.4,1,abcd552,1,73,97,0,0,0,0,0,0,0,0,Legitimate_Event,Negligible Risk
573,111.147.6.5,1,abcd553,1,270,79,0,0,0,0,0,0,0,0,Legitimate_Event,Negligible Risk
574,111.147.6.6,1,abcd554,1,974,25,0,0,0,0,0,0,0,0,Legitimate_Event,Negligible Risk
575,111.147.6.7,1,abcd555,1,72,30,0,0,0,0,0,0,0,0,Legitimate_Event,Negligible Risk
576,111.147.6.8,1,abcd556,1,927,91,0,0,0,0,0,0,0,0,Legitimate_Event,Negligible Risk
577,111.147.6.9,1,abcd557,1,981,29,0,0,0,0,0,0,0,0,Legitimate_Event,Negligible Risk
578,111.147.7.1,1,abcd558,1,952,39,0,0,0,0,0,0,0,0,Legitimate_Event,Negligible Risk
579,111.147.7.2,1,abcd559,1,766,86,0,0,0,0,0,0,0,0,Legitimate_Event,Negligible Risk
580,111.147.7.3,1,abcd560,1,343,95,0,0,0,0,0,0,0,0,Legitimate_Event,Negligible Risk
581,111.147.7.4,1,abcd561,1,598,18,0,0,0,0,0,0,0,0,Legitimate_Event,Negligible Risk
582,111.147.7.5,1,abcd562,1,323,67,0,0,0,0,0,0,0,0,Legitimate_Event,Negligible Risk
583,111.147.7.6,1,abcd563,1,587,9,0,0,0,0,0,0,0,0,Legitimate_Event,Negligible Risk
584,111.147.7.7,1,abcd564,1,648,52,0,0,0,0,0,0,0,0,Legitimate_Event,Negligible Risk
585,111.147.7.8,1,abcd565,1,451,40,0,0,0,0,0,0,0,0,Legitimate_Event,Negligible Risk
586,111.147.7.9,1,abcd566,1,985,33,0,0,0,0,0,0,0,0,Legitimate_Event,Negligible Risk
587,111.147.8.1,1,abcd567,1,536,43,0,0,0,0,0,0,0,0,Legitimate_Event,Negligible Risk
588,111.147.8.2,1,abcd568,1,628,27,0,0,0,0,0,0,0,0,Legitimate_Event,Negligible Risk
589,111.147.8.3,1,abcd569,1,636,77,0,0,0,0,0,0,0,0,Legitimate_Event,Negligible Risk
590,111.147.8.4,1,abcd570,1,90,49,0,0,0,0,0,0,0,0,Legitimate_Event,Negligible Risk
591,111.147.8.5,1,abcd571,1,541,79,0,0,0,0,0,0,0,0,Legitimate_Event,Negligible Risk
592,111.147.8.6,1,abcd572,1,448,52,0,0,0,0,0,0,0,0,Legitimate_Event,Negligible Risk
593,111.147.8.7,1,abcd573,1,958,32,0,0,0,0,0,0,0,0,Legitimate_Event,Negligible Risk
594,111.147.8.8,1,abcd574,1,338,29,0,0,0,0,0,0,0,0,Legitimate_Event,Negligible Risk
595,111.147.8.9,1,abcd575,1,960,68,0,0,0,0,0,0,0,0,Legitimate_Event,Negligible Risk
596,111.147.9.0,1,abcd576,1,567,35,0,0,0,0,0,0,0,0,Legitimate_Event,Negligible Risk
597,111.147.9.1,1,abcd577,1,871,77,0,0,0,0,0,0,0,0,Legitimate_Event,Negligible Risk
598,111.147.9.2,1,abcd578,1,524,51,0,0,0,0,0,0,0,0,Legitimate_Event,Negligible Risk
599,111.147.9.3,1,abcd579,1,91,72,0,0,0,0,0,0,0,0,Legitimate_Event,Negligible Risk
600,111.147.9.4,1,abcd580,1,677,68,0,0,0,0,0,0,0,0,Legitimate_Event,Negligible Risk
601,111.147.9.5,1,abcd581,1,815,94,0,0,0,0,0,0,0,0,Legitimate_Event,Negligible Risk
602,111.147.9.6,1,abcd582,1,160,61,0,0,0,0,0,0,0,0,Legitimate_Event,Negligible Risk
603,111.147.9.7,1,abcd583,1,543,59,0,0,0,0,0,0,0,0,Legitimate_Event,Negligible Risk
604,111.147.9.8,1,abcd584,1,942,30,0,0,0,0,0,0,0,0,Legitimate_Event,Negligible Risk
605,111.147.9.9,1,abcd585,1,181,71,0,0,0,0,0,0,0,0,Legitimate_Event,Negligible Risk
606,111.153.1.1,1,abcd586,1,770,58,0,0,0,0,0,0,0,0,Legitimate_Event,Negligible Risk
607,111.153.1.2,1,abcd587,1,173,13,0,0,0,0,0,0,0,0,Legitimate_Event,Negligible Risk
608,111.153.1.3,1,abcd588,1,423,2,0,0,0,0,0,0,0,0,Legitimate_Event,Negligible Risk
609,111.153.1.4,1,abcd589,1,391,96,0,0,0,0,0,0,0,0,Legitimate_Event,Negligible Risk
610,111.153.1.5,1,abcd590,1,79,57,0,0,0,0,0,0,0,0,Legitimate_Event,Negligible Risk
611,111.153.1.6,1,abcd591,1,272,30,0,0,0,0,0,0,0,0,Legitimate_Event,Negligible Risk
612,111.153.1.7,1,abcd592,1,427,45,0,0,0,0,0,0,0,0,Legitimate_Event,Negligible Risk
613,111.153.1.8,1,abcd593,1,459,57,0,0,0,0,0,0,0,0,Legitimate_Event,Negligible Risk
614,111.153.1.9,1,abcd594,1,671,95,0,0,0,0,0,0,0,0,Legitimate_Event,Negligible Risk
615,111.153.2.1,1,abcd595,1,649,1,0,0,0,0,0,0,0,0,Legitimate_Event,Negligible Risk
616,111.153.2.2,1,abcd596,1,652,64,0,0,0,0,0,0,0,0,Legitimate_Event,Negligible Risk
617,111.153.2.3,1,abcd597,1,741,60,0,0,0,0,0,0,0,0,Legitimate_Event,Negligible Risk
618,111.153.2.4,1,abcd598,1,871,70,0,0,0,0,0,0,0,0,Legitimate_Event,Negligible Risk
619,111.153.2.5,1,abcd599,1,287,80,0,0,0,0,0,0,0,0,Legitimate_Event,Negligible Risk
620,111.153.2.6,1,abcd600,1,440,98,0,0,0,0,0,0,0,0,Legitimate_Event,Negligible Risk
621,111.153.2.7,1,abcd601,1,491,76,0,0,0,0,0,0,0,0,Legitimate_Event,Negligible Risk
622,111.153.2.8,1,abcd602,1,514,11,0,0,0,0,0,0,0,0,Legitimate_Event,Negligible Risk
623,111.153.2.9,1,abcd603,1,254,69,0,0,0,0,0,0,0,0,Legitimate_Event,Negligible Risk
624,111.153.3.0,1,abcd604,1,133,55,0,0,0,0,0,0,0,0,Legitimate_Event,Negligible Risk
625,111.153.3.1,1,abcd605,1,260,65,0,0,0,0,0,0,0,0,Legitimate_Event,Negligible Risk
626,111.153.3.2,1,abcd606,1,26,93,0,0,0,0,0,0,0,0,Legitimate_Event,Negligible Risk
627,111.153.3.3,1,abcd607,1,655,26,0,0,0,0,0,0,0,0,Legitimate_Event,Negligible Risk
628,111.153.3.4,1,abcd608,1,530,33,0,0,0,0,0,0,0,0,Legitimate_Event,Negligible Risk
629,111.153.3.5,1,abcd609,1,170,19,0,0,0,0,0,0,0,0,Legitimate_Event,Negligible Risk
630,111.153.3.6,1,abcd610,1,691,25,0,0,0,0,0,0,0,0,Legitimate_Event,Negligible Risk
631,111.153.3.7,1,abcd611,1,502,15,0,0,0,0,0,0,0,0,Legitimate_Event,Negligible Risk
632,111.153.3.8,1,abcd612,1,698,67,0,0,0,0,0,0,0,0,Legitimate_Event,Negligible Risk
633,111.153.3.9,1,abcd613,1,529,37,0,0,0,0,0,0,0,0,Legitimate_Event,Negligible Risk
634,111.153.4.0,1,abcd614,1,314,65,0,0,0,0,0,0,0,0,Legitimate_Event,Negligible Risk
635,111.153.4.1,1,abcd615,1,496,4,0,0,0,0,0,0,0,0,Legitimate_Event,Negligible Risk
636,111.153.4.2,1,abcd616,1,946,56,0,0,0,0,0,0,0,0,Legitimate_Event,Negligible Risk
637,111.153.4.3,1,abcd617,1,350,90,0,0,0,0,0,0,0,0,Legitimate_Event,Negligible Risk
638,111.153.4.4,1,abcd618,1,504,42,0,0,0,0,0,0,0,0,Legitimate_Event,Negligible Risk
639,111.153.4.5,1,abcd619,1,916,14,0,0,0,0,0,0,0,0,Legitimate_Event,Negligible Risk
640,111.153.4.6,1,abcd620,1,598,25,0,0,0,0,0,0,0,0,Legitimate_Event,Negligible Risk
641,111.153.4.7,1,abcd621,1,819,82,0,0,0,0,0,0,0,0,Legitimate_Event,Negligible Risk
642,111.153.4.8,1,abcd622,1,692,84,0,0,0,0,0,0,0,0,Legitimate_Event,Negligible Risk
643,111.153.4.9,1,abcd623,1,971,70,0,0,0,0,0,0,0,0,Legitimate_Event,Negligible Risk
644,111.153.5.1,1,abcd624,1,300,18,0,0,0,0,0,0,0,0,Legitimate_Event,Negligible Risk
645,111.153.5.2,1,abcd625,1,914,5,0,0,0,0,0,0,0,0,Legitimate_Event,Negligible Risk
646,111.153.5.3,1,abcd626,1,580,88,0,0,0,0,0,0,0,0,Legitimate_Event,Negligible Risk
647,111.153.5.4,1,abcd627,1,213,36,0,0,0,0,0,0,0,0,Legitimate_Event,Negligible Risk
648,111.153.5.5,1,abcd628,1,13,77,0,0,0,0,0,0,0,0,Legitimate_Event,Negligible Risk
649,111.153.5.6,1,abcd629,1,929,62,0,0,0,0,0,0,0,0,Legitimate_Event,Negligible Risk
650,111.153.5.7,1,abcd630,1,160,5,0,0,0,0,0,0,0,0,Legitimate_Event,Negligible Risk
651,111.153.5.8,1,abcd631,1,881,35,0,0,0,0,0,0,0,0,Legitimate_Event,Negligible Risk
652,111.153.5.9,1,abcd632,1,488,82,0,0,0,0,0,0,0,0,Legitimate_Event,Negligible Risk
653,111.153.6.1,1,abcd633,1,869,45,0,0,0,0,0,0,0,0,Legitimate_Event,Negligible Risk
654,111.153.6.2,1,abcd634,1,619,34,0,0,0,0,0,0,0,0,Legitimate_Event,Negligible Risk
655,111.153.6.3,1,abcd635,1,313,43,0,0,0,0,0,0,0,0,Legitimate_Event,Negligible Risk
656,111.153.6.4,1,abcd636,1,991,62,0,0,0,0,0,0,0,0,Legitimate_Event,Negligible Risk
657,111.153.6.5,1,abcd637,1,304,19,0,0,0,0,0,0,0,0,Legitimate_Event,Negligible Risk
658,111.153.6.6,1,abcd638,1,396,86,0,0,0,0,0,0,0,0,Legitimate_Event,Negligible Risk
659,111.153.6.7,1,abcd639,1,886,12,0,0,0,0,0,0,0,0,Legitimate_Event,Negligible Risk
660,111.153.6.8,1,abcd640,1,280,88,0,0,0,0,0,0,0,0,Legitimate_Event,Negligible Risk
661,111.153.6.9,1,abcd641,1,536,69,0,0,0,0,0,0,0,0,Legitimate_Event,Negligible Risk
662,111.153.7.1,1,abcd642,1,453,93,0,0,0,0,0,0,0,0,Legitimate_Event,Negligible Risk
663,111.153.7.2,1,abcd643,1,328,36,0,0,0,0,0,0,0,0,Legitimate_Event,Negligible Risk
664,111.153.7.3,1,abcd644,1,346,20,0,0,0,0,0,0,0,0,Legitimate_Event,Negligible Risk
665,111.153.7.4,1,abcd645,1,626,95,0,0,0,0,0,0,0,0,Legitimate_Event,Negligible Risk
666,111.153.7.5,1,abcd646,1,292,1,0,0,0,0,0,0,0,0,Legitimate_Event,Negligible Risk
667,111.153.7.6,1,abcd647,1,586,73,0,0,0,0,0,0,0,0,Legitimate_Event,Negligible Risk
668,111.153.7.7,1,abcd648,1,230,12,0,0,0,0,0,0,0,0,Legitimate_Event,Negligible Risk
669,111.153.7.8,1,abcd649,1,150,58,0,0,0,0,0,0,0,0,Legitimate_Event,Negligible Risk
670,111.153.7.9,1,abcd650,1,636,30,0,0,0,0,0,0,0,0,Legitimate_Event,Negligible Risk
671,111.153.8.1,1,abcd651,1,876,76,0,0,0,0,0,0,0,0,Legitimate_Event,Negligible Risk
672,111.153.8.2,1,abcd652,1,313,86,0,0,0,0,0,0,0,0,Legitimate_Event,Negligible Risk
673,111.153.8.3,1,abcd653,1,314,19,0,0,0,0,0,0,0,0,Legitimate_Event,Negligible Risk
674,111.153.8.4,1,abcd654,1,714,43,0,0,0,0,0,0,0,0,Legitimate_Event,Negligible Risk
675,111.153.8.5,1,abcd655,1,988,35,0,0,0,0,0,0,0,0,Legitimate_Event,Negligible Risk
676,111.153.8.6,1,abcd656,1,828,63,0,0,0,0,0,0,0,0,Legitimate_Event,Negligible Risk
677,111.153.8.7,1,abcd657,1,436,57,0,0,0,0,0,0,0,0,Legitimate_Event,Negligible Risk
678,111.153.8.8,1,abcd658,1,31,66,0,0,0,0,0,0,0,0,Legitimate_Event,Negligible Risk
679,111.153.8.9,1,abcd659,1,376,4,0,0,0,0,0,0,0,0,Legitimate_Event,Negligible Risk
680,111.153.9.1,1,abcd660,1,985,3,0,0,0,0,0,0,0,0,Legitimate_Event,Negligible Risk
681,111.153.9.2,1,abcd661,1,633,36,0,0,0,0,0,0,0,0,Legitimate_Event,Negligible Risk
682,111.153.9.3,1,abcd662,1,104,86,0,0,0,0,0,0,0,0,Legitimate_Event,Negligible Risk
683,111.153.9.4,1,abcd663,1,96,31,0,0,0,0,0,0,0,0,Legitimate_Event,Negligible Risk
684,111.153.9.5,1,abcd664,1,42,80,0,0,0,0,0,0,0,0,Legitimate_Event,Negligible Risk
685,111.153.9.6,1,abcd665,1,982,29,0,0,0,0,0,0,0,0,Legitimate_Event,Negligible Risk
686,111.153.9.7,1,abcd666,1,132,35,0,0,0,0,0,0,0,0,Legitimate_Event,Negligible Risk
687,111.153.9.8,1,abcd667,1,184,18,0,0,0,0,0,0,0,0,Legitimate_Event,Negligible Risk
688,111.153.9.9,1,abcd668,1,818,63,0,0,0,0,0,0,0,0,Legitimate_Event,Negligible Risk
689,111.171.1.1,1,abcd669,1,342,11,0,0,0,0,0,0,0,0,Legitimate_Event,Negligible Risk
690,111.171.1.2,1,abcd670,1,755,70,0,0,0,0,0,0,0,0,Legitimate_Event,Negligible Risk
691,111.171.1.3,1,abcd671,1,630,22,0,0,0,0,0,0,0,0,Legitimate_Event,Negligible Risk
692,111.171.1.4,1,abcd672,1,677,21,0,0,0,0,0,0,0,0,Legitimate_Event,Negligible Risk
693,111.171.1.5,1,abcd673,1,469,43,0,0,0,0,0,0,0,0,Legitimate_Event,Negligible Risk
694,111.171.1.6,1,abcd674,1,73,65,0,0,0,0,0,0,0,0,Legitimate_Event,Negligible Risk
695,111.171.1.7,1,abcd675,1,717,4,0,0,0,0,0,0,0,0,Legitimate_Event,Negligible Risk
696,111.171.1.8,1,abcd676,1,746,29,0,0,0,0,0,0,0,0,Legitimate_Event,Negligible Risk
697,111.171.1.9,1,abcd677,1,90,37,0,0,0,0,0,0,0,0,Legitimate_Event,Negligible Risk
698,111.171.2.1,1,abcd678,1,871,28,0,0,0,0,0,0,0,0,Legitimate_Event,Negligible Risk
699,111.171.2.2,1,abcd679,1,135,62,0,0,0,0,0,0,0,0,Legitimate_Event,Negligible Risk
700,111.171.2.3,1,abcd680,1,188,42,0,0,0,0,0,0,0,0,Legitimate_Event,Negligible Risk
701,111.171.2.4,1,abcd681,1,78,43,0,0,0,0,0,0,0,0,Legitimate_Event,Negligible Risk
702,111.171.2.5,1,abcd682,1,569,62,0,0,0,0,0,0,0,0,Legitimate_Event,Negligible Risk
703,111.171.2.6,1,abcd683,1,920,18,0,0,0,0,0,0,0,0,Legitimate_Event,Negligible Risk
704,111.171.2.7,1,abcd684,1,685,92,0,0,0,0,0,0,0,0,Legitimate_Event,Negligible Risk
705,111.171.2.8,1,abcd685,1,973,24,0,0,0,0,0,0,0,0,Legitimate_Event,Negligible Risk
706,111.171.2.9,1,abcd686,1,749,91,0,0,0,0,0,0,0,0,Legitimate_Event,Negligible Risk
707,111.171.3.0,1,abcd687,1,986,39,0,0,0,0,0,0,0,0,Legitimate_Event,Negligible Risk
708,111.171.3.1,1,abcd688,1,883,32,0,0,0,0,0,0,0,0,Legitimate_Event,Negligible Risk
709,111.171.3.2,1,abcd689,1,637,1,0,0,0,0,0,0,0,0,Legitimate_Event,Negligible Risk
710,111.171.3.3,1,abcd690,1,244,80,0,0,0,0,0,0,0,0,Legitimate_Event,Negligible Risk
711,111.171.3.4,1,abcd691,1,738,58,0,0,0,0,0,0,0,0,Legitimate_Event,Negligible Risk
712,111.171.3.5,1,abcd692,1,463,27,0,0,0,0,0,0,0,0,Legitimate_Event,Negligible Risk
713,111.171.3.6,1,abcd693,1,981,45,0,0,0,0,0,0,0,0,Legitimate_Event,Negligible Risk
714,111.171.3.7,1,abcd694,1,685,6,0,0,0,0,0,0,0,0,Legitimate_Event,Negligible Risk
715,111.171.3.8,1,abcd695,1,22,68,0,0,0,0,0,0,0,0,Legitimate_Event,Negligible Risk
716,111.171.3.9,1,abcd696,1,651,32,0,0,0,0,0,0,0,0,Legitimate_Event,Negligible Risk
717,111.171.4.1,1,abcd697,1,338,20,0,0,0,0,0,0,0,0,Legitimate_Event,Negligible Risk
718,111.171.4.2,1,abcd698,1,75,68,0,0,0,0,0,0,0,0,Legitimate_Event,Negligible Risk
719,111.171.4.3,1,abcd699,1,431,92,0,0,0,0,0,0,0,0,Legitimate_Event,Negligible Risk
720,111.171.4.4,1,abcd700,1,458,19,0,0,0,0,0,0,0,0,Legitimate_Event,Negligible Risk
721,111.171.4.5,1,abcd701,1,238,74,0,0,0,0,0,0,0,0,Legitimate_Event,Negligible Risk
722,111.171.4.6,1,abcd702,1,453,79,0,0,0,0,0,0,0,0,Legitimate_Event,Negligible Risk
723,111.171.4.7,1,abcd703,1,844,92,0,0,0,0,0,0,0,0,Legitimate_Event,Negligible Risk
724,111.171.4.8,1,abcd704,1,648,56,0,0,0,0,0,0,0,0,Legitimate_Event,Negligible Risk
725,111.171.4.9,1,abcd705,1,61,53,0,0,0,0,0,0,0,0,Legitimate_Event,Negligible Risk
726,111.171.5.0,1,abcd706,1,931,12,0,0,0,0,0,0,0,0,Legitimate_Event,Negligible Risk
727,111.171.5.1,1,abcd707,1,900,15,0,0,0,0,0,0,0,0,Legitimate_Event,Negligible Risk
728,111.171.5.2,1,abcd708,1,487,47,0,0,0,0,0,0,0,0,Legitimate_Event,Negligible Risk
729,111.171.5.3,1,abcd709,1,257,38,0,0,0,0,0,0,0,0,Legitimate_Event,Negligible Risk
730,111.171.5.4,1,abcd710,1,453,23,0,0,0,0,0,0,0,0,Legitimate_Event,Negligible Risk
731,111.171.5.5,1,abcd711,1,6,67,0,0,0,0,0,0,0,0,Legitimate_Event,Negligible Risk
732,111.171.5.6,1,abcd712,1,582,8,0,0,0,0,0,0,0,0,Legitimate_Event,Negligible Risk
733,111.171.5.7,1,abcd713,1,658,65,0,0,0,0,0,0,0,0,Legitimate_Event,Negligible Risk
734,111.171.5.8,1,abcd714,1,414,28,0,0,0,0,0,0,0,0,Legitimate_Event,Negligible Risk
735,111.171.5.9,1,abcd715,1,381,51,0,0,0,0,0,0,0,0,Legitimate_Event,Negligible Risk
736,111.171.6.1,1,abcd716,1,726,70,0,0,0,0,0,0,0,0,Legitimate_Event,Negligible Risk
737,111.171.6.2,1,abcd717,1,631,61,0,0,0,0,0,0,0,0,Legitimate_Event,Negligible Risk
738,111.171.6.3,1,abcd718,1,873,54,0,0,0,0,0,0,0,0,Legitimate_Event,Negligible Risk
739,111.171.6.4,1,abcd719,1,611,2,0,0,0,0,0,0,0,0,Legitimate_Event,Negligible Risk
740,111.171.6.5,1,abcd720,1,523,44,0,0,0,0,0,0,0,0,Legitimate_Event,Negligible Risk
741,111.171.6.6,1,abcd721,1,737,33,0,0,0,0,0,0,0,0,Legitimate_Event,Negligible Risk
742,111.171.6.7,1,abcd722,1,494,52,0,0,0,0,0,0,0,0,Legitimate_Event,Negligible Risk
743,111.171.6.8,1,abcd723,1,130,45,0,0,0,0,0,0,0,0,Legitimate_Event,Negligible Risk
744,111.171.6.9,1,abcd724,1,690,53,0,0,0,0,0,0,0,0,Legitimate_Event,Negligible Risk
745,111.171.7.1,1,abcd725,1,866,94,0,0,0,0,0,0,0,0,Legitimate_Event,Negligible Risk
746,111.171.7.2,1,abcd726,1,469,98,0,0,0,0,0,0,0,0,Legitimate_Event,Negligible Risk
747,111.171.7.3,1,abcd727,1,76,1,0,0,0,0,0,0,0,0,Legitimate_Event,Negligible Risk
748,111.171.7.4,1,abcd728,1,382,32,0,0,0,0,0,0,0,0,Legitimate_Event,Negligible Risk
749,111.171.7.5,1,abcd729,1,767,72,0,0,0,0,0,0,0,0,Legitimate_Event,Negligible Risk
750,111.171.7.6,1,abcd730,1,647,3,0,0,0,0,0,0,0,0,Legitimate_Event,Negligible Risk
751,111.171.7.7,1,abcd731,1,9,80,0,0,0,0,0,0,0,0,Legitimate_Event,Negligible Risk
752,111.171.7.8,1,abcd732,1,570,13,0,0,0,0,0,0,0,0,Legitimate_Event,Negligible Risk
753,111.171.7.9,1,abcd733,1,283,28,0,0,0,0,0,0,0,0,Legitimate_Event,Negligible Risk
754,111.171.8.1,1,abcd734,1,802,76,0,0,0,0,0,0,0,0,Legitimate_Event,Negligible Risk
755,111.171.8.2,1,abcd735,1,46,73,0,0,0,0,0,0,0,0,Legitimate_Event,Negligible Risk
756,111.171.8.3,1,abcd736,1,490,6,0,0,0,0,0,0,0,0,Legitimate_Event,Negligible Risk
757,111.171.8.4,1,abcd737,1,586,37,0,0,0,0,0,0,0,0,Legitimate_Event,Negligible Risk
758,111.171.8.5,1,abcd738,1,467,97,0,0,0,0,0,0,0,0,Legitimate_Event,Negligible Risk
759,111.171.8.6,1,abcd739,1,58,78,0,0,0,0,0,0,0,0,Legitimate_Event,Negligible Risk
760,111.171.8.7,1,abcd740,1,462,85,0,0,0,0,0,0,0,0,Legitimate_Event,Negligible Risk
761,111.171.8.8,1,abcd741,1,198,55,0,0,0,0,0,0,0,0,Legitimate_Event,Negligible Risk
762,111.171.8.9,1,abcd742,1,44,84,0,0,0,0,0,0,0,0,Legitimate_Event,Negligible Risk
763,111.171.9.0,1,abcd743,1,739,25,0,0,0,0,0,0,0,0,Legitimate_Event,Negligible Risk
764,111.171.9.1,1,abcd744,1,910,27,0,0,0,0,0,0,0,0,Legitimate_Event,Negligible Risk
765,111.171.9.2,1,abcd745,1,602,26,0,0,0,0,0,0,0,0,Legitimate_Event,Negligible Risk
766,111.171.9.3,1,abcd746,1,990,50,0,0,0,0,0,0,0,0,Legitimate_Event,Negligible Risk
767,111.171.9.4,1,abcd747,1,477,32,0,0,0,0,0,0,0,0,Legitimate_Event,Negligible Risk
768,111.171.9.5,1,abcd748,1,251,30,0,0,0,0,0,0,0,0,Legitimate_Event,Negligible Risk
769,111.171.9.6,1,abcd749,1,800,31,0,0,0,0,0,0,0,0,Legitimate_Event,Negligible Risk
770,111.171.9.7,1,abcd750,1,676,99,0,0,0,0,0,0,0,0,Legitimate_Event,Negligible Risk
771,111.171.9.8,1,abcd751,1,208,8,0,0,0,0,0,0,0,0,Legitimate_Event,Negligible Risk
772,111.171.9.9,1,abcd752,1,423,81,0,0,0,0,0,0,0,0,Legitimate_Event,Negligible Risk
773,111.169.1.1,1,abcd753,1,279,94,0,0,0,0,0,0,0,0,Legitimate_Event,Negligible Risk
774,111.169.1.2,1,abcd754,1,187,100,0,0,0,0,0,0,0,0,Legitimate_Event,Negligible Risk
775,111.169.1.3,1,abcd755,1,607,58,0,0,0,0,0,0,0,0,Legitimate_Event,Negligible Risk
776,111.169.1.4,1,abcd756,1,225,44,0,0,0,0,0,0,0,0,Legitimate_Event,Negligible Risk
777,111.169.1.5,1,abcd757,1,440,23,0,0,0,0,0,0,0,0,Legitimate_Event,Negligible Risk
778,111.169.1.6,1,abcd758,1,708,62,0,0,0,0,0,0,0,0,Legitimate_Event,Negligible Risk
779,111.169.1.7,1,abcd759,1,272,3,0,0,0,0,0,0,0,0,Legitimate_Event,Negligible Risk
780,111.169.1.8,1,abcd760,1,319,83,0,0,0,0,0,0,0,0,Legitimate_Event,Negligible Risk
781,111.169.1.9,1,abcd761,1,712,53,0,0,0,0,0,0,0,0,Legitimate_Event,Negligible Risk
782,111.169.2.1,1,abcd762,1,355,22,0,0,0,0,0,0,0,0,Legitimate_Event,Negligible Risk
783,111.169.2.2,1,abcd763,1,819,73,0,0,0,0,0,0,0,0,Legitimate_Event,Negligible Risk
784,111.169.2.3,1,abcd764,1,661,29,0,0,0,0,0,0,0,0,Legitimate_Event,Negligible Risk
785,111.169.2.4,1,abcd765,1,257,79,0,0,0,0,0,0,0,0,Legitimate_Event,Negligible Risk
786,111.169.2.5,1,abcd766,1,242,27,0,0,0,0,0,0,0,0,Legitimate_Event,Negligible Risk
787,111.169.2.6,1,abcd767,1,140,39,0,0,0,0,0,0,0,0,Legitimate_Event,Negligible Risk
788,111.169.2.7,1,abcd768,1,426,75,0,0,0,0,0,0,0,0,Legitimate_Event,Negligible Risk
789,111.169.2.8,1,abcd769,1,353,9,0,0,0,0,0,0,0,0,Legitimate_Event,Negligible Risk
790,111.169.2.9,1,abcd770,1,380,32,0,0,0,0,0,0,0,0,Legitimate_Event,Negligible Risk
791,111.169.3.1,1,abcd771,1,426,40,0,0,0,0,0,0,0,0,Legitimate_Event,Negligible Risk
792,111.169.3.2,1,abcd772,1,947,47,0,0,0,0,0,0,0,0,Legitimate_Event,Negligible Risk
793,111.169.3.3,1,abcd773,1,338,41,0,0,0,0,0,0,0,0,Legitimate_Event,Negligible Risk
794,111.169.3.4,1,abcd774,1,480,71,0,0,0,0,0,0,0,0,Legitimate_Event,Negligible Risk
795,111.169.3.5,1,abcd775,1,949,87,0,0,0,0,0,0,0,0,Legitimate_Event,Negligible Risk
796,111.169.3.6,1,abcd776,1,24,79,0,0,0,0,0,0,0,0,Legitimate_Event,Negligible Risk
797,111.169.3.7,1,abcd777,1,212,74,0,0,0,0,0,0,0,0,Legitimate_Event,Negligible Risk
798,111.169.3.8,1,abcd778,1,89,2,0,0,0,0,0,0,0,0,Legitimate_Event,Negligible Risk
799,111.169.3.9,1,abcd779,1,990,33,0,0,0,0,0,0,0,0,Legitimate_Event,Negligible Risk
800,111.169.4.1,1,abcd780,1,23,87,0,0,0,0,0,0,0,0,Legitimate_Event,Negligible Risk
801,111.169.4.2,1,abcd781,1,855,79,0,0,0,0,0,0,0,0,Legitimate_Event,Negligible Risk
802,111.169.4.3,1,abcd782,1,549,19,0,0,0,0,0,0,0,0,Legitimate_Event,Negligible Risk
803,111.169.4.4,1,abcd783,1,762,76,0,0,0,0,0,0,0,0,Legitimate_Event,Negligible Risk
804,111.169.4.5,1,abcd784,1,555,1,0,0,0,0,0,0,0,0,Legitimate_Event,Negligible Risk
805,111.169.4.6,1,abcd785,1,107,39,0,0,0,0,0,0,0,0,Legitimate_Event,Negligible Risk
806,111.169.4.7,1,abcd786,1,176,15,0,0,0,0,0,0,0,0,Legitimate_Event,Negligible Risk
807,111.169.4.8,1,abcd787,1,675,15,0,0,0,0,0,0,0,0,Legitimate_Event,Negligible Risk
808,111.169.4.9,1,abcd788,1,153,8,0,0,0,0,0,0,0,0,Legitimate_Event,Negligible Risk
809,111.111.5.0,1,abcd789,1,870,26,0,0,0,0,0,0,0,0,Legitimate_Event,Negligible Risk
810,111.111.5.1,1,abcd790,1,696,8,0,0,0,0,0,0,0,0,Legitimate_Event,Negligible Risk
811,111.111.5.2,1,abcd791,1,737,41,0,0,0,0,0,0,0,0,Legitimate_Event,Negligible Risk
812,111.111.5.3,1,abcd792,1,298,67,0,0,0,0,0,0,0,0,Legitimate_Event,Negligible Risk
813,111.111.5.4,1,abcd793,1,754,10,0,0,0,0,0,0,0,0,Legitimate_Event,Negligible Risk
814,111.111.5.5,1,abcd794,1,402,46,0,0,0,0,0,0,0,0,Legitimate_Event,Negligible Risk
815,111.111.5.6,1,abcd795,1,504,23,0,0,0,0,0,0,0,0,Legitimate_Event,Negligible Risk
816,111.111.5.7,1,abcd796,1,349,55,0,0,0,0,0,0,0,0,Legitimate_Event,Negligible Risk
817,111.111.5.8,1,abcd797,1,741,47,0,0,0,0,0,0,0,0,Legitimate_Event,Negligible Risk
818,111.111.5.9,1,abcd798,1,750,6,0,0,0,0,0,0,0,0,Legitimate_Event,Negligible Risk
819,111.111.6.1,1,abcd799,1,499,78,0,0,0,0,0,0,0,0,Legitimate_Event,Negligible Risk
820,111.111.6.2,1,abcd800,1,411,87,0,0,0,0,0,0,0,0,Legitimate_Event,Negligible Risk
821,111.111.6.3,1,abcd801,1,793,37,0,0,0,0,0,0,0,0,Legitimate_Event,Negligible Risk
822,111.111.6.4,1,abcd802,1,73,61,0,0,0,0,0,0,0,0,Legitimate_Event,Negligible Risk
823,111.111.6.5,1,abcd803,1,655,68,0,0,0,0,0,0,0,0,Legitimate_Event,Negligible Risk
824,111.111.6.6,1,abcd804,1,949,88,0,0,0,0,0,0,0,0,Legitimate_Event,Negligible Risk
825,111.111.6.7,1,abcd805,1,334,69,0,0,0,0,0,0,0,0,Legitimate_Event,Negligible Risk
826,111.111.6.8,1,abcd806,1,910,63,0,0,0,0,0,0,0,0,Legitimate_Event,Negligible Risk
827,111.111.6.9,1,abcd807,1,965,9,0,0,0,0,0,0,0,0,Legitimate_Event,Negligible Risk
828,111.111.7.0,1,abcd808,1,997,51,0,0,0,0,0,0,0,0,Legitimate_Event,Negligible Risk
829,111.111.7.1,1,abcd809,1,45,83,0,0,0,0,0,0,0,0,Legitimate_Event,Negligible Risk
830,111.111.7.2,1,abcd810,1,985,43,0,0,0,0,0,0,0,0,Legitimate_Event,Negligible Risk
831,111.111.7.3,1,abcd811,1,182,41,0,0,0,0,0,0,0,0,Legitimate_Event,Negligible Risk
832,111.111.7.4,1,abcd812,1,151,20,0,0,0,0,0,0,0,0,Legitimate_Event,Negligible Risk
833,111.111.7.5,1,abcd813,1,477,35,0,0,0,0,0,0,0,0,Legitimate_Event,Negligible Risk
834,111.111.7.6,1,abcd814,1,225,51,0,0,0,0,0,0,0,0,Legitimate_Event,Negligible Risk
835,111.111.7.7,1,abcd815,1,115,62,0,0,0,0,0,0,0,0,Legitimate_Event,Negligible Risk
836,111.111.7.8,1,abcd816,1,120,83,0,0,0,0,0,0,0,0,Legitimate_Event,Negligible Risk
837,111.111.7.9,1,abcd817,1,579,25,0,0,0,0,0,0,0,0,Legitimate_Event,Negligible Risk
838,111.111.8.1,1,abcd818,1,338,93,0,0,0,0,0,0,0,0,Legitimate_Event,Negligible Risk
839,111.111.8.2,1,abcd819,1,784,65,0,0,0,0,0,0,0,0,Legitimate_Event,Negligible Risk
840,111.111.8.3,1,abcd820,1,544,67,0,0,0,0,0,0,0,0,Legitimate_Event,Negligible Risk
841,111.111.8.4,1,abcd821,1,338,93,0,0,0,0,0,0,0,0,Legitimate_Event,Negligible Risk
842,111.111.8.5,1,abcd822,1,364,29,0,0,0,0,0,0,0,0,Legitimate_Event,Negligible Risk
843,111.111.8.6,1,abcd823,1,472,37,0,0,0,0,0,0,0,0,Legitimate_Event,Negligible Risk
844,111.111.8.7,1,abcd824,1,911,45,0,0,0,0,0,0,0,0,Legitimate_Event,Negligible Risk
845,111.111.8.8,1,abcd825,1,397,72,0,0,0,0,0,0,0,0,Legitimate_Event,Negligible Risk
846,111.111.8.9,1,abcd826,1,321,86,0,0,0,0,0,0,0,0,Legitimate_Event,Negligible Risk
847,111.111.9.1,1,abcd827,1,491,55,0,0,0,0,0,0,0,0,Legitimate_Event,Negligible Risk
848,111.111.9.2,1,abcd828,1,900,5,0,0,0,0,0,0,0,0,Legitimate_Event,Negligible Risk
849,111.111.9.3,1,abcd829,1,684,13,0,0,0,0,0,0,0,0,Legitimate_Event,Negligible Risk
850,111.111.9.4,1,abcd830,1,515,24,0,0,0,0,0,0,0,0,Legitimate_Event,Negligible Risk
851,111.111.9.5,1,abcd831,1,292,8,0,0,0,0,0,0,0,0,Legitimate_Event,Negligible Risk
852,111.111.9.6,1,abcd832,1,187,42,0,0,0,0,0,0,0,0,Legitimate_Event,Negligible Risk
853,111.111.9.7,1,abcd833,1,809,45,0,0,0,0,0,0,0,0,Legitimate_Event,Negligible Risk
854,111.111.9.8,1,abcd834,1,352,63,0,0,0,0,0,0,0,0,Legitimate_Event,Negligible Risk
855,111.111.9.9,1,abcd835,1,424,73,0,0,0,0,0,0,0,0,Legitimate_Event,Negligible Risk
856,111.111.9.10,1,abcd836,1,782,95,0,0,0,0,0,0,0,0,Legitimate_Event,Negligible Risk
857,111.189.1.1,1,abcd837,1,205,87,0,0,0,0,0,0,0,0,Legitimate_Event,Negligible Risk
858,111.189.1.2,1,abcd838,1,516,41,0,0,0,0,0,0,0,0,Legitimate_Event,Negligible Risk
859,111.189.1.3,1,abcd839,1,719,77,0,0,0,0,0,0,0,0,Legitimate_Event,Negligible Risk
860,111.189.1.4,1,abcd840,1,246,34,0,0,0,0,0,0,0,0,Legitimate_Event,Negligible Risk
861,111.189.1.5,1,abcd841,1,811,65,0,0,0,0,0,0,0,0,Legitimate_Event,Negligible Risk
862,111.189.1.6,1,abcd842,1,189,78,0,0,0,0,0,0,0,0,Legitimate_Event,Negligible Risk
863,111.189.1.7,1,abcd843,1,975,78,0,0,0,0,0,0,0,0,Legitimate_Event,Negligible Risk
864,111.189.1.8,1,abcd844,1,746,18,0,0,0,0,0,0,0,0,Legitimate_Event,Negligible Risk
865,111.189.1.9,1,abcd845,1,336,74,0,0,0,0,0,0,0,0,Legitimate_Event,Negligible Risk
866,111.189.2.0,1,abcd846,1,573,18,0,0,0,0,0,0,0,0,Legitimate_Event,Negligible Risk
867,111.189.2.1,1,abcd847,1,409,86,0,0,0,0,0,0,0,0,Legitimate_Event,Negligible Risk
868,111.189.2.2,1,abcd848,1,729,95,0,0,0,0,0,0,0,0,Legitimate_Event,Negligible Risk
869,111.189.2.3,1,abcd849,1,39,81,0,0,0,0,0,0,0,0,Legitimate_Event,Negligible Risk
870,111.189.2.4,1,abcd850,1,393,55,0,0,0,0,0,0,0,0,Legitimate_Event,Negligible Risk
871,111.189.2.5,1,abcd851,1,57,95,0,0,0,0,0,0,0,0,Legitimate_Event,Negligible Risk
872,111.189.2.6,1,abcd852,1,169,51,0,0,0,0,0,0,0,0,Legitimate_Event,Negligible Risk
873,111.189.2.7,1,abcd853,1,290,80,0,0,0,0,0,0,0,0,Legitimate_Event,Negligible Risk
874,111.189.2.8,1,abcd854,1,141,97,0,0,0,0,0,0,0,0,Legitimate_Event,Negligible Risk
875,111.189.2.9,1,abcd855,1,377,49,0,0,0,0,0,0,0,0,Legitimate_Event,Negligible Risk
876,111.189.3.1,1,abcd856,1,738,82,0,0,0,0,0,0,0,0,Legitimate_Event,Negligible Risk
877,111.189.3.2,1,abcd857,1,100,66,0,0,0,0,0,0,0,0,Legitimate_Event,Negligible Risk
878,111.189.3.3,1,abcd858,1,854,19,0,0,0,0,0,0,0,0,Legitimate_Event,Negligible Risk
879,111.189.3.4,1,abcd859,1,298,3,0,0,0,0,0,0,0,0,Legitimate_Event,Negligible Risk
880,111.189.3.5,1,abcd860,1,991,74,0,0,0,0,0,0,0,0,Legitimate_Event,Negligible Risk
881,111.189.3.6,1,abcd861,1,216,92,0,0,0,0,0,0,0,0,Legitimate_Event,Negligible Risk
882,111.189.3.7,1,abcd862,1,842,81,0,0,0,0,0,0,0,0,Legitimate_Event,Negligible Risk
883,111.189.3.8,1,abcd863,1,63,58,0,0,0,0,0,0,0,0,Legitimate_Event,Negligible Risk
884,111.189.3.9,1,abcd864,1,590,98,0,0,0,0,0,0,0,0,Legitimate_Event,Negligible Risk
885,111.189.4.1,1,abcd865,1,367,42,0,0,0,0,0,0,0,0,Legitimate_Event,Negligible Risk
886,111.189.4.2,1,abcd866,1,366,87,0,0,0,0,0,0,0,0,Legitimate_Event,Negligible Risk
887,111.189.4.3,1,abcd867,1,302,98,0,0,0,0,0,0,0,0,Legitimate_Event,Negligible Risk
888,111.189.4.4,1,abcd868,1,911,95,0,0,0,0,0,0,0,0,Legitimate_Event,Negligible Risk
889,111.189.4.5,1,abcd869,1,702,4,0,0,0,0,0,0,0,0,Legitimate_Event,Negligible Risk
890,111.189.4.6,1,abcd870,1,496,100,0,0,0,0,0,0,0,0,Legitimate_Event,Negligible Risk
891,111.189.4.7,1,abcd871,1,891,85,0,0,0,0,0,0,0,0,Legitimate_Event,Negligible Risk
892,111.189.4.8,1,abcd872,1,892,73,0,0,0,0,0,0,0,0,Legitimate_Event,Negligible Risk
893,111.189.4.9,1,abcd873,1,539,99,0,0,0,0,0,0,0,0,Legitimate_Event,Negligible Risk
894,111.189.5.1,1,abcd874,1,458,51,0,0,0,0,0,0,0,0,Legitimate_Event,Negligible Risk
895,111.189.5.2,1,abcd875,1,368,51,0,0,0,0,0,0,0,0,Legitimate_Event,Negligible Risk
896,111.189.5.3,1,abcd876,1,813,37,0,0,0,0,0,0,0,0,Legitimate_Event,Negligible Risk
897,111.189.5.4,1,abcd877,1,35,92,0,0,0,0,0,0,0,0,Legitimate_Event,Negligible Risk
898,111.189.5.5,1,abcd878,1,631,92,0,0,0,0,0,0,0,0,Legitimate_Event,Negligible Risk
899,111.189.5.6,1,abcd879,1,798,82,0,0,0,0,0,0,0,0,Legitimate_Event,Negligible Risk
900,111.189.5.7,1,abcd880,1,831,84,0,0,0,0,0,0,0,0,Legitimate_Event,Negligible Risk
901,111.189.5.8,1,abcd881,1,538,75,0,0,0,0,0,0,0,0,Legitimate_Event,Negligible Risk
902,111.189.5.9,1,abcd882,1,972,90,0,0,0,0,0,0,0,0,Legitimate_Event,Negligible Risk
903,111.189.6.1,1,abcd883,1,283,85,0,0,0,0,0,0,0,0,Legitimate_Event,Negligible Risk
904,111.189.6.2,1,abcd884,1,458,19,0,0,0,0,0,0,0,0,Legitimate_Event,Negligible Risk
905,111.189.6.3,1,abcd885,1,940,98,0,0,0,0,0,0,0,0,Legitimate_Event,Negligible Risk
906,111.189.6.4,1,abcd886,1,52,87,0,0,0,0,0,0,0,0,Legitimate_Event,Negligible Risk
907,111.189.6.5,1,abcd887,1,512,28,0,0,0,0,0,0,0,0,Legitimate_Event,Negligible Risk
908,111.189.6.6,1,abcd888,1,849,90,0,0,0,0,0,0,0,0,Legitimate_Event,Negligible Risk
909,111.189.6.7,1,abcd889,1,560,65,0,0,0,0,0,0,0,0,Legitimate_Event,Negligible Risk
910,111.189.6.8,1,abcd890,1,91,82,0,0,0,0,0,0,0,0,Legitimate_Event,Negligible Risk
911,111.189.6.9,1,abcd891,1,74,66,0,0,0,0,0,0,0,0,Legitimate_Event,Negligible Risk
912,111.189.7.1,1,abcd892,1,743,15,0,0,0,0,0,0,0,0,Legitimate_Event,Negligible Risk
913,111.189.7.2,1,abcd893,1,709,35,0,0,0,0,0,0,0,0,Legitimate_Event,Negligible Risk
914,111.189.7.3,1,abcd894,1,326,46,0,0,0,0,0,0,0,0,Legitimate_Event,Negligible Risk
915,111.189.7.4,1,abcd895,1,564,8,0,0,0,0,0,0,0,0,Legitimate_Event,Negligible Risk
916,111.189.7.5,1,abcd896,1,103,71,0,0,0,0,0,0,0,0,Legitimate_Event,Negligible Risk
917,111.189.7.6,1,abcd897,1,343,73,0,0,0,0,0,0,0,0,Legitimate_Event,Negligible Risk
918,111.189.7.7,1,abcd898,1,812,4,0,0,0,0,0,0,0,0,Legitimate_Event,Negligible Risk
919,111.189.7.8,1,abcd899,1,851,35,0,0,0,0,0,0,0,0,Legitimate_Event,Negligible Risk
920,111.189.7.9,1,abcd900,1,38,90,0,0,0,0,0,0,0,0,Legitimate_Event,Negligible Risk
921,111.189.8.1,1,abcd901,1,937,92,0,0,0,0,0,0,0,0,Legitimate_Event,Negligible Risk
922,111.189.8.2,1,abcd902,1,289,82,0,0,0,0,0,0,0,0,Legitimate_Event,Negligible Risk
923,111.189.8.3,1,abcd903,1,301,12,0,0,0,0,0,0,0,0,Legitimate_Event,Negligible Risk
924,111.189.8.4,1,abcd904,1,386,71,0,0,0,0,0,0,0,0,Legitimate_Event,Negligible Risk
925,111.189.8.5,1,abcd905,1,976,95,0,0,0,0,0,0,0,0,Legitimate_Event,Negligible Risk
926,111.189.8.6,1,abcd906,1,60,54,0,0,0,0,0,0,0,0,Legitimate_Event,Negligible Risk
927,111.189.8.7,1,abcd907,1,111,25,0,0,0,0,0,0,0,0,Legitimate_Event,Negligible Risk
928,111.189.8.8,1,abcd908,1,404,45,0,0,0,0,0,0,0,0,Legitimate_Event,Negligible Risk
929,111.189.8.9,1,abcd909,1,294,70,0,0,0,0,0,0,0,0,Legitimate_Event,Negligible Risk
930,111.189.9.1,1,abcd910,1,902,88,0,0,0,0,0,0,0,0,Legitimate_Event,Negligible Risk
931,111.189.9.2,1,abcd911,1,397,73,0,0,0,0,0,0,0,0,Legitimate_Event,Negligible Risk
932,111.189.9.3,1,abcd912,1,396,92,0,0,0,0,0,0,0,0,Legitimate_Event,Negligible Risk
933,111.189.9.4,1,abcd913,1,801,22,0,0,0,0,0,0,0,0,Legitimate_Event,Negligible Risk
934,111.189.9.5,1,abcd914,1,944,26,0,0,0,0,0,0,0,0,Legitimate_Event,Negligible Risk
935,111.189.9.6,1,abcd915,1,143,87,0,0,0,0,0,0,0,0,Legitimate_Event,Negligible Risk
936,111.189.9.7,1,abcd916,1,716,4,0,0,0,0,0,0,0,0,Legitimate_Event,Negligible Risk
937,111.189.9.8,1,abcd917,1,18,81,0,0,0,0,0,0,0,0,Legitimate_Event,Negligible Risk
938,111.189.9.9,1,abcd918,1,68,25,0,0,0,0,0,0,0,0,Legitimate_Event,Negligible Risk
939,111.189.9.10,1,abcd919,1,614,1,0,0,0,0,0,0,0,0,Legitimate_Event,Negligible Risk
940,111.203.1.1,1,abcd920,1,541,8,0,0,0,0,0,0,0,0,Legitimate_Event,Negligible Risk
941,111.203.1.2,1,abcd921,1,243,60,0,0,0,0,0,0,0,0,Legitimate_Event,Negligible Risk
942,111.203.1.3,1,abcd922,1,851,5,0,0,0,0,0,0,0,0,Legitimate_Event,Negligible Risk
943,111.203.1.4,1,abcd923,1,403,98,0,0,0,0,0,0,0,0,Legitimate_Event,Negligible Risk
944,111.203.1.5,1,abcd924,1,991,38,0,0,0,0,0,0,0,0,Legitimate_Event,Negligible Risk
945,111.203.1.6,1,abcd925,1,90,51,0,0,0,0,0,0,0,0,Legitimate_Event,Negligible Risk
946,111.203.1.7,1,abcd926,1,262,56,0,0,0,0,0,0,0,0,Legitimate_Event,Negligible Risk
947,111.203.1.8,1,abcd927,1,826,77,0,0,0,0,0,0,0,0,Legitimate_Event,Negligible Risk
948,111.203.1.9,1,abcd928,1,665,69,0,0,0,0,0,0,0,0,Legitimate_Event,Negligible Risk
949,111.203.2.0,1,abcd929,1,619,96,0,0,0,0,0,0,0,0,Legitimate_Event,Negligible Risk
950,111.203.2.1,1,abcd930,1,372,93,0,0,0,0,0,0,0,0,Legitimate_Event,Negligible Risk
951,111.203.2.2,1,abcd931,1,995,17,0,0,0,0,0,0,0,0,Legitimate_Event,Negligible Risk
952,111.203.2.3,1,abcd932,1,436,15,0,0,0,0,0,0,0,0,Legitimate_Event,Negligible Risk
953,111.203.2.4,1,abcd933,1,261,15,0,0,0,0,0,0,0,0,Legitimate_Event,Negligible Risk
954,111.203.2.5,1,abcd934,1,54,83,0,0,0,0,0,0,0,0,Legitimate_Event,Negligible Risk
955,111.203.2.6,1,abcd935,1,548,9,0,0,0,0,0,0,0,0,Legitimate_Event,Negligible Risk
956,111.203.2.7,1,abcd936,1,372,26,0,0,0,0,0,0,0,0,Legitimate_Event,Negligible Risk
957,111.203.2.8,1,abcd937,1,252,74,0,0,0,0,0,0,0,0,Legitimate_Event,Negligible Risk
958,111.203.2.9,1,abcd938,1,275,66,0,0,0,0,0,0,0,0,Legitimate_Event,Negligible Risk
959,111.203.3.1,1,abcd939,1,631,19,0,0,0,0,0,0,0,0,Legitimate_Event,Negligible Risk
960,111.203.3.2,1,abcd940,1,18,89,0,0,0,0,0,0,0,0,Legitimate_Event,Negligible Risk
961,111.203.3.3,1,abcd941,1,390,9,0,0,0,0,0,0,0,0,Legitimate_Event,Negligible Risk
962,111.203.3.4,1,abcd942,1,889,75,0,0,0,0,0,0,0,0,Legitimate_Event,Negligible Risk
963,111.203.3.5,1,abcd943,1,490,73,0,0,0,0,0,0,0,0,Legitimate_Event,Negligible Risk
964,111.203.3.6,1,abcd944,1,844,6,0,0,0,0,0,0,0,0,Legitimate_Event,Negligible Risk
965,111.203.3.7,1,abcd945,1,450,34,0,0,0,0,0,0,0,0,Legitimate_Event,Negligible Risk
966,111.203.3.8,1,abcd946,1,983,18,0,0,0,0,0,0,0,0,Legitimate_Event,Negligible Risk
967,111.203.3.9,1,abcd947,1,703,29,0,0,0,0,0,0,0,0,Legitimate_Event,Negligible Risk
968,111.203.4.1,1,abcd948,1,582,86,0,0,0,0,0,0,0,0,Legitimate_Event,Negligible Risk
969,111.203.4.2,1,abcd949,1,774,1,0,0,0,0,0,0,0,0,Legitimate_Event,Negligible Risk
970,111.203.4.3,1,abcd950,1,717,54,0,0,0,0,0,0,0,0,Legitimate_Event,Negligible Risk
971,111.203.4.4,1,abcd951,1,868,76,0,0,0,0,0,0,0,0,Legitimate_Event,Negligible Risk
972,111.203.4.5,1,abcd952,1,336,97,0,0,0,0,0,0,0,0,Legitimate_Event,Negligible Risk
973,111.203.4.6,1,abcd953,1,167,54,0,0,0,0,0,0,0,0,Legitimate_Event,Negligible Risk
974,111.203.4.7,1,abcd954,1,315,56,0,0,0,0,0,0,0,0,Legitimate_Event,Negligible Risk
975,111.203.4.8,1,abcd955,1,348,15,0,0,0,0,0,0,0,0,Legitimate_Event,Negligible Risk
976,111.203.4.9,1,abcd956,1,809,41,0,0,0,0,0,0,0,0,Legitimate_Event,Negligible Risk
977,111.203.4.10,1,abcd957,1,408,58,0,0,0,0,0,0,0,0,Legitimate_Event,Negligible Risk
978,111.203.5.1,1,abcd958,1,312,51,0,0,0,0,0,0,0,0,Legitimate_Event,Negligible Risk
979,111.203.5.2,1,abcd959,1,495,31,0,0,0,0,0,0,0,0,Legitimate_Event,Negligible Risk
980,111.203.5.3,1,abcd960,1,725,42,0,0,0,0,0,0,0,0,Legitimate_Event,Negligible Risk
981,111.203.5.4,1,abcd961,1,423,88,0,0,0,0,0,0,0,0,Legitimate_Event,Negligible Risk
982,111.203.5.5,1,abcd962,1,418,45,0,0,0,0,0,0,0,0,Legitimate_Event,Negligible Risk
983,111.203.5.6,1,abcd963,1,626,33,0,0,0,0,0,0,0,0,Legitimate_Event,Negligible Risk
984,111.203.5.7,1,abcd964,1,537,16,0,0,0,0,0,0,0,0,Legitimate_Event,Negligible Risk
985,111.203.5.8,1,abcd965,1,383,90,0,0,0,0,0,0,0,0,Legitimate_Event,Negligible Risk
986,111.203.5.9,1,abcd966,1,395,2,0,0,0,0,0,0,0,0,Legitimate_Event,Negligible Risk
987,111.203.6.1,1,abcd967,1,902,25,0,0,0,0,0,0,0,0,Legitimate_Event,Negligible Risk
988,111.203.6.2,1,abcd968,1,808,42,0,0,0,0,0,0,0,0,Legitimate_Event,Negligible Risk
989,111.203.6.3,1,abcd969,1,783,77,0,0,0,0,0,0,0,0,Legitimate_Event,Negligible Risk
990,111.203.6.4,1,abcd970,1,156,13,0,0,0,0,0,0,0,0,Legitimate_Event,Negligible Risk
991,111.203.6.5,1,abcd971,1,201,31,0,0,0,0,0,0,0,0,Legitimate_Event,Negligible Risk
992,111.203.6.6,1,abcd972,1,249,8,0,0,0,0,0,0,0,0,Legitimate_Event,Negligible Risk
993,111.203.6.7,1,abcd973,1,847,93,0,0,0,0,0,0,0,0,Legitimate_Event,Negligible Risk
994,111.203.6.8,1,abcd974,1,891,23,0,0,0,0,0,0,0,0,Legitimate_Event,Negligible Risk
995,111.203.6.9,1,abcd975,1,980,13,0,0,0,0,0,0,0,0,Legitimate_Event,Negligible Risk
996,111.203.9.1,1,abcd976,1,229,14,0,0,0,0,0,0,0,0,Legitimate_Event,Negligible Risk
997,111.203.9.2,1,abcd977,1,470,3,0,0,0,0,0,0,0,0,Legitimate_Event,Negligible Risk
998,111.203.9.3,1,abcd978,1,393,73,0,0,0,0,0,0,0,0,Legitimate_Event,Negligible Risk
999,111.203.9.4,1,abcd979,1,145,43,0,0,0,0,0,0,0,0,Legitimate_Event,Negligible Risk
1000,111.203.9.5,1,abcd980,1,743,84,0,0,0,0,0,0,0,0,Legitimate_Event,Negligible Risk
